customer_id,group
3,A
4,B
9,A
10,A
18,B
21,A
26,A
29,A
31,B
39,B
46,B
49,A
52,A
55,A
66,B
71,B
75,A
76,B
77,A
82,A
87,A
88,B
92,A
93,A
94,A
95,B
97,B
102,B
108,B
115,A
120,A
138,A
147,B
157,B
158,B
160,B
162,B
163,B
164,B
170,A
171,B
175,A
177,A
186,B
188,A
189,A
194,B
197,B
200,A
201,B
205,B
208,B
211,A
212,A
213,A
215,A
218,B
219,A
221,B
222,B
230,A
233,B
236,A
239,A
256,A
258,A
259,A
261,B
266,B
267,B
268,B
278,B
279,A
285,B
288,B
290,B
296,B
297,A
299,A
302,A
303,A
304,B
305,A
316,B
321,B
322,B
323,A
326,B
327,B
328,A
332,B
338,A
346,B
347,B
350,B
353,A
356,B
358,B
360,B
362,A
364,A
374,A
382,B
383,A
385,A
389,A
394,B
399,B
400,B
414,A
415,B
419,B
420,B
426,A
432,B
433,A
436,A
439,A
448,B
451,A
452,A
462,A
463,B
464,B
475,B
478,B
480,B
481,B
482,B
484,A
485,B
492,A
497,A
501,B
502,A
505,B
510,A
511,B
521,A
534,B
535,B
542,B
544,A
545,A
548,B
550,B
553,B
554,A
559,B
560,B
561,A
566,A
572,B
574,A
585,B
592,A
597,B
610,A
613,A
620,A
625,B
628,A
631,B
634,B
637,A
647,B
648,A
652,A
653,B
654,A
659,B
660,A
663,B
674,A
684,B
686,B
687,B
689,A
696,A
698,A
701,A
710,A
711,A
712,B
720,A
724,A
725,B
733,B
734,A
743,B
748,A
750,B
753,B
757,A
758,B
764,B
766,A
767,A
778,B
779,B
780,A
781,A
782,A
787,B
792,B
794,B
798,B
799,A
801,B
803,A
804,A
806,A
817,B
825,A
829,A
839,A
840,B
842,B
850,A
852,B
859,B
861,B
863,A
866,A
873,B
877,A
878,B
882,A
887,A
891,B
895,B
904,B
911,A
913,A
915,A
919,A
928,B
929,A
934,B
940,B
942,A
943,A
950,B
951,A
952,A
960,A
962,A
967,B
969,B
971,B
973,A
977,A
980,B
982,B
985,B
987,A
992,A
994,B
1002,B
1004,A
1006,B
1007,A
1015,B
1018,B
1021,A
1032,B
1036,B
1038,B
1041,B
1044,B
1046,B
1052,B
1057,B
1060,A
1063,A
1066,B
1078,B
1081,A
1087,A
1092,A
1093,B
1099,B
1108,B
1109,B
1114,A
1115,B
1116,B
1125,B
1126,A
1131,B
1135,A
1140,B
1143,A
1144,B
1148,A
1151,A
1153,A
1154,A
1155,A
1156,A
1164,A
1171,B
1173,A
1175,A
1176,A
1177,B
1179,B
1180,A
1183,B
1187,B
1190,B
1192,B
1194,B
1199,B
1201,B
1206,B
1207,B
1215,A
1218,B
1219,A
1226,A
1235,B
1242,B
1243,A
1245,A
1246,A
1250,A
1255,A
1260,A
1269,B
1271,A
1273,B
1281,A
1282,A
1283,B
1293,A
1294,B
1299,A
1300,B
1304,A
1305,B
1307,A
1313,A
1316,A
1317,A
1318,A
1329,A
1331,B
1332,A
1336,B
1338,A
1344,B
1345,A
1352,A
1354,B
1360,A
1363,A
1364,A
1365,B
1367,A
1380,A
1385,B
1387,B
1399,B
1400,A
1404,B
1405,A
1409,A
1415,B
1429,A
1434,A
1438,B
1440,B
1443,B
1447,B
1450,B
1452,A
1454,B
1457,B
1458,A
1460,A
1462,A
1464,A
1470,B
1471,B
1472,A
1476,A
1478,A
1483,B
1488,A
1495,A
1496,B
1497,A
1507,A
1508,B
1509,B
1510,A
1512,B
1517,B
1530,B
1532,B
1533,A
1538,A
1540,B
1541,A
1543,A
1548,B
1550,A
1552,B
1557,A
1563,A
1567,A
1569,B
1571,A
1573,B
1578,B
1579,B
1580,A
1583,B
1587,A
1590,A
1591,B
1595,B
1596,B
1610,A
1612,A
1613,B
1616,A
1618,B
1619,A
1620,A
1623,A
1626,A
1628,A
1631,B
1633,B
1641,B
1644,A
1646,A
1649,A
1650,A
1657,B
1661,A
1680,B
1683,B
1689,A
1690,A
1700,A
1707,B
1709,A
1710,B
1713,A
1718,A
1725,B
1730,B
1732,B
1733,A
1742,B
1743,A
1749,A
1751,A
1760,B
1767,A
1772,B
1775,A
1777,A
1784,A
1785,A
1787,B
1788,A
1792,B
1794,B
1797,B
1802,B
1806,B
1807,B
1811,B
1812,A
1818,A
1819,B
1823,B
1824,B
1825,A
1826,B
1832,B
1833,B
1834,B
1836,B
1844,A
1850,A
1857,A
1860,A
1861,A
1862,B
1864,A
1870,A
1875,B
1876,A
1877,B
1880,A
1881,A
1883,A
1884,A
1889,A
1895,A
1896,A
1897,B
1900,A
1901,B
1903,B
1905,B
1916,A
1918,B
1921,B
1923,B
1927,B
1929,B
1931,A
1932,B
1933,A
1934,A
1935,B
1943,B
1944,A
1953,B
1954,B
1957,A
1959,A
1960,A
1965,B
1966,A
1987,A
1990,B
1991,A
1993,B
1995,B
1996,A
2006,B
2008,B
2015,A
2020,A
2022,A
2027,A
2030,A
2032,B
2035,B
2042,B
2043,B
2046,A
2048,B
2049,B
2056,B
2059,B
2060,A
2066,B
2071,B
2080,B
2085,B
2088,A
2091,B
2094,B
2097,B
2098,A
2102,A
2104,A
2115,A
2118,A
2126,B
2127,B
2133,A
2134,B
2135,A
2138,B
2142,A
2143,A
2153,A
2160,A
2161,A
2162,A
2167,B
2169,B
2171,A
2178,B
2179,B
2185,A
2188,A
2190,B
2193,B
2194,B
2199,B
2205,A
2211,B
2215,B
2221,A
2222,B
2228,B
2231,A
2235,A
2236,A
2243,A
2246,B
2249,A
2253,A
2256,A
2261,A
2262,A
2265,A
2266,B
2267,A
2268,B
2274,A
2276,A
2277,A
2279,A
2291,B
2302,A
2308,A
2314,B
2322,B
2323,B
2329,A
2333,B
2334,A
2341,B
2346,A
2347,B
2349,A
2351,B
2353,A
2355,A
2359,A
2365,A
2368,B
2370,B
2371,B
2373,B
2375,A
2386,A
2388,A
2389,A
2390,A
2399,A
2400,B
2405,B
2406,A
2411,A
2423,B
2431,A
2439,A
2441,B
2442,B
2443,A
2453,A
2455,B
2458,A
2463,B
2464,A
2465,B
2470,A
2474,B
2475,B
2489,A
2493,B
2497,B
2502,B
2503,A
2515,A
2519,A
2520,B
2521,B
2531,B
2535,A
2537,A
2539,A
2540,A
2541,B
2542,A
2544,B
2557,B
2562,B
2576,B
2578,B
2580,B
2585,B
2586,A
2588,B
2590,B
2593,A
2596,A
2601,A
2603,B
2609,A
2614,B
2628,B
2631,A
2632,A
2635,A
2636,A
2638,A
2640,B
2643,B
2644,B
2655,B
2660,A
2664,B
2665,A
2668,A
2669,A
2671,B
2673,B
2691,A
2692,A
2697,A
2699,A
2700,A
2701,B
2705,A
2711,B
2717,A
2722,A
2723,A
2731,B
2736,B
2738,A
2745,B
2746,B
2747,B
2750,B
2752,B
2759,A
2763,B
2767,B
2770,B
2775,B
2791,B
2793,A
2796,B
2798,B
2805,B
2807,B
2810,B
2812,B
2813,A
2815,B
2816,A
2823,B
2827,B
2832,B
2839,A
2842,A
2845,B
2849,B
2851,B
2864,B
2866,A
2868,B
2875,B
2879,A
2892,B
2893,B
2894,A
2897,B
2902,B
2905,B
2913,A
2916,B
2917,B
2922,B
2929,B
2931,A
2932,B
2934,A
2935,A
2937,A
2938,B
2942,A
2944,A
2945,B
2952,A
2953,A
2956,B
2957,A
2966,B
2967,A
2968,A
2973,B
2974,A
2979,B
2983,A
2985,A
2989,B
2993,B
