customer_id,persona
1,Thrifty
2,Shopper
3,Weekend
4,Weekend
5,Commuter
6,Commuter
7,Commuter
8,Shopper
9,Weekend
10,Weekend
11,Commuter
12,Shopper
13,Shopper
14,Commuter
15,Commuter
16,Commuter
17,Thrifty
18,Thrifty
19,Thrifty
20,Commuter
21,Weekend
22,Commuter
23,Commuter
24,Thrifty
25,Thrifty
26,Weekend
27,Commuter
28,Thrifty
29,Weekend
30,Commuter
31,Weekend
32,Commuter
33,Commuter
34,Shopper
35,Shopper
36,Shopper
37,Thrifty
38,Commuter
39,Weekend
40,Thrifty
41,Commuter
42,Thrifty
43,Commuter
44,Shopper
45,Commuter
46,Weekend
47,Thrifty
48,Thrifty
49,Thrifty
50,Commuter
51,Shopper
52,Weekend
53,Shopper
54,Shopper
55,Weekend
56,Shopper
57,Commuter
58,Commuter
59,Commuter
60,Thrifty
61,Thrifty
62,Commuter
63,Shopper
64,Thrifty
65,Commuter
66,Thrifty
67,Commuter
68,Shopper
69,Commuter
70,Shopper
71,Weekend
72,Commuter
73,Commuter
74,Shopper
75,Weekend
76,Weekend
77,Weekend
78,Commuter
79,Thrifty
80,Commuter
81,Shopper
82,Weekend
83,Thrifty
84,Commuter
85,Thrifty
86,Thrifty
87,Weekend
88,Weekend
89,Shopper
90,Thrifty
91,Commuter
92,Weekend
93,Weekend
94,Weekend
95,Weekend
96,Thrifty
97,Thrifty
98,Thrifty
99,Commuter
100,Commuter
101,Commuter
102,Weekend
103,Thrifty
104,Thrifty
105,Shopper
106,Commuter
107,Thrifty
108,Weekend
109,Commuter
110,Commuter
111,Commuter
112,Commuter
113,Shopper
114,Shopper
115,Weekend
116,Shopper
117,Shopper
118,Commuter
119,Shopper
120,Thrifty
121,Shopper
122,Shopper
123,Thrifty
124,Commuter
125,Commuter
126,Thrifty
127,Shopper
128,Shopper
129,Commuter
130,Thrifty
131,Thrifty
132,Commuter
133,Commuter
134,Thrifty
135,Shopper
136,Thrifty
137,Thrifty
138,Weekend
139,Thrifty
140,Shopper
141,Shopper
142,Commuter
143,Thrifty
144,Thrifty
145,Commuter
146,Commuter
147,Weekend
148,Thrifty
149,Commuter
150,Commuter
151,Shopper
152,Commuter
153,Commuter
154,Thrifty
155,Shopper
156,Commuter
157,Weekend
158,Weekend
159,Commuter
160,Weekend
161,Thrifty
162,Weekend
163,Weekend
164,Thrifty
165,Commuter
166,Shopper
167,Thrifty
168,Commuter
169,Commuter
170,Weekend
171,Weekend
172,Commuter
173,Thrifty
174,Commuter
175,Weekend
176,Commuter
177,Weekend
178,Thrifty
179,Shopper
180,Commuter
181,Thrifty
182,Commuter
183,Shopper
184,Shopper
185,Commuter
186,Weekend
187,Shopper
188,Weekend
189,Thrifty
190,Commuter
191,Commuter
192,Shopper
193,Shopper
194,Weekend
195,Thrifty
196,Thrifty
197,Weekend
198,Shopper
199,Shopper
200,Weekend
201,Weekend
202,Commuter
203,Commuter
204,Shopper
205,Weekend
206,Commuter
207,Commuter
208,Weekend
209,Commuter
210,Commuter
211,Thrifty
212,Weekend
213,Weekend
214,Commuter
215,Weekend
216,Commuter
217,Thrifty
218,Weekend
219,Weekend
220,Shopper
221,Weekend
222,Weekend
223,Commuter
224,Thrifty
225,Commuter
226,Commuter
227,Shopper
228,Thrifty
229,Shopper
230,Weekend
231,Weekend
232,Thrifty
233,Weekend
234,Thrifty
235,Commuter
236,Weekend
237,Commuter
238,Commuter
239,Weekend
240,Commuter
241,Shopper
242,Shopper
243,Shopper
244,Thrifty
245,Commuter
246,Shopper
247,Thrifty
248,Shopper
249,Shopper
250,Shopper
251,Commuter
252,Thrifty
253,Shopper
254,Thrifty
255,Commuter
256,Weekend
257,Shopper
258,Weekend
259,Weekend
260,Commuter
261,Weekend
262,Shopper
263,Commuter
264,Thrifty
265,Shopper
266,Weekend
267,Weekend
268,Weekend
269,Thrifty
270,Commuter
271,Shopper
272,Shopper
273,Shopper
274,Shopper
275,Thrifty
276,Thrifty
277,Weekend
278,Weekend
279,Weekend
280,Weekend
281,Shopper
282,Thrifty
283,Thrifty
284,Commuter
285,Weekend
286,Commuter
287,Thrifty
288,Thrifty
289,Commuter
290,Weekend
291,Commuter
292,Commuter
293,Shopper
294,Thrifty
295,Commuter
296,Thrifty
297,Weekend
298,Commuter
299,Weekend
300,Commuter
301,Commuter
302,Thrifty
303,Thrifty
304,Weekend
305,Weekend
306,Shopper
307,Thrifty
308,Thrifty
309,Weekend
310,Commuter
311,Thrifty
312,Commuter
313,Commuter
314,Shopper
315,Shopper
316,Weekend
317,Thrifty
318,Commuter
319,Commuter
320,Commuter
321,Thrifty
322,Weekend
323,Weekend
324,Commuter
325,Shopper
326,Weekend
327,Weekend
328,Weekend
329,Thrifty
330,Commuter
331,Thrifty
332,Weekend
333,Commuter
334,Commuter
335,Commuter
336,Commuter
337,Shopper
338,Weekend
339,Thrifty
340,Commuter
341,Thrifty
342,Thrifty
343,Commuter
344,Thrifty
345,Thrifty
346,Weekend
347,Weekend
348,Commuter
349,Thrifty
350,Weekend
351,Thrifty
352,Shopper
353,Weekend
354,Commuter
355,Commuter
356,Weekend
357,Commuter
358,Weekend
359,Shopper
360,Weekend
361,Thrifty
362,Weekend
363,Thrifty
364,Thrifty
365,Shopper
366,Thrifty
367,Shopper
368,Shopper
369,Commuter
370,Commuter
371,Commuter
372,Commuter
373,Commuter
374,Weekend
375,Commuter
376,Thrifty
377,Shopper
378,Commuter
379,Shopper
380,Commuter
381,Commuter
382,Weekend
383,Weekend
384,Shopper
385,Weekend
386,Shopper
387,Commuter
388,Commuter
389,Weekend
390,Shopper
391,Shopper
392,Thrifty
393,Thrifty
394,Weekend
395,Thrifty
396,Shopper
397,Shopper
398,Thrifty
399,Weekend
400,Weekend
401,Commuter
402,Shopper
403,Thrifty
404,Shopper
405,Thrifty
406,Shopper
407,Thrifty
408,Commuter
409,Shopper
410,Commuter
411,Thrifty
412,Shopper
413,Shopper
414,Weekend
415,Weekend
416,Thrifty
417,Commuter
418,Thrifty
419,Weekend
420,Weekend
421,Weekend
422,Weekend
423,Commuter
424,Thrifty
425,Commuter
426,Thrifty
427,Thrifty
428,Shopper
429,Thrifty
430,Commuter
431,Commuter
432,Weekend
433,Weekend
434,Commuter
435,Commuter
436,Weekend
437,Commuter
438,Shopper
439,Weekend
440,Commuter
441,Commuter
442,Shopper
443,Thrifty
444,Thrifty
445,Shopper
446,Shopper
447,Shopper
448,Weekend
449,Thrifty
450,Commuter
451,Weekend
452,Weekend
453,Thrifty
454,Shopper
455,Commuter
456,Thrifty
457,Commuter
458,Thrifty
459,Commuter
460,Commuter
461,Commuter
462,Weekend
463,Weekend
464,Weekend
465,Shopper
466,Thrifty
467,Commuter
468,Shopper
469,Commuter
470,Shopper
471,Commuter
472,Shopper
473,Commuter
474,Shopper
475,Thrifty
476,Shopper
477,Commuter
478,Weekend
479,Shopper
480,Thrifty
481,Weekend
482,Weekend
483,Thrifty
484,Weekend
485,Weekend
486,Shopper
487,Commuter
488,Commuter
489,Shopper
490,Shopper
491,Thrifty
492,Weekend
493,Commuter
494,Commuter
495,Thrifty
496,Thrifty
497,Weekend
498,Commuter
499,Shopper
500,Shopper
501,Weekend
502,Thrifty
503,Thrifty
504,Shopper
505,Weekend
506,Commuter
507,Shopper
508,Shopper
509,Shopper
510,Weekend
511,Weekend
512,Thrifty
513,Shopper
514,Shopper
515,Commuter
516,Commuter
517,Thrifty
518,Shopper
519,Shopper
520,Commuter
521,Weekend
522,Thrifty
523,Shopper
524,Shopper
525,Shopper
526,Thrifty
527,Thrifty
528,Commuter
529,Commuter
530,Shopper
531,Shopper
532,Shopper
533,Shopper
534,Weekend
535,Weekend
536,Shopper
537,Shopper
538,Commuter
539,Thrifty
540,Commuter
541,Shopper
542,Weekend
543,Commuter
544,Weekend
545,Weekend
546,Thrifty
547,Commuter
548,Weekend
549,Thrifty
550,Weekend
551,Thrifty
552,Shopper
553,Weekend
554,Weekend
555,Shopper
556,Thrifty
557,Commuter
558,Commuter
559,Weekend
560,Weekend
561,Weekend
562,Commuter
563,Commuter
564,Commuter
565,Thrifty
566,Weekend
567,Thrifty
568,Thrifty
569,Shopper
570,Thrifty
571,Thrifty
572,Weekend
573,Thrifty
574,Weekend
575,Shopper
576,Shopper
577,Commuter
578,Shopper
579,Thrifty
580,Commuter
581,Thrifty
582,Shopper
583,Thrifty
584,Thrifty
585,Weekend
586,Commuter
587,Commuter
588,Commuter
589,Commuter
590,Commuter
591,Commuter
592,Weekend
593,Commuter
594,Thrifty
595,Shopper
596,Thrifty
597,Weekend
598,Commuter
599,Commuter
600,Commuter
601,Commuter
602,Commuter
603,Commuter
604,Commuter
605,Commuter
606,Thrifty
607,Commuter
608,Thrifty
609,Thrifty
610,Weekend
611,Commuter
612,Weekend
613,Weekend
614,Commuter
615,Shopper
616,Shopper
617,Commuter
618,Commuter
619,Shopper
620,Weekend
621,Commuter
622,Commuter
623,Thrifty
624,Thrifty
625,Weekend
626,Thrifty
627,Thrifty
628,Weekend
629,Commuter
630,Commuter
631,Weekend
632,Shopper
633,Thrifty
634,Thrifty
635,Commuter
636,Thrifty
637,Thrifty
638,Commuter
639,Commuter
640,Thrifty
641,Commuter
642,Thrifty
643,Commuter
644,Thrifty
645,Commuter
646,Shopper
647,Weekend
648,Weekend
649,Weekend
650,Thrifty
651,Commuter
652,Thrifty
653,Weekend
654,Weekend
655,Thrifty
656,Commuter
657,Commuter
658,Thrifty
659,Weekend
660,Weekend
661,Thrifty
662,Shopper
663,Weekend
664,Commuter
665,Commuter
666,Commuter
667,Commuter
668,Commuter
669,Commuter
670,Commuter
671,Commuter
672,Shopper
673,Commuter
674,Thrifty
675,Thrifty
676,Shopper
677,Commuter
678,Thrifty
679,Shopper
680,Shopper
681,Shopper
682,Commuter
683,Commuter
684,Weekend
685,Shopper
686,Weekend
687,Weekend
688,Commuter
689,Weekend
690,Commuter
691,Thrifty
692,Thrifty
693,Thrifty
694,Commuter
695,Commuter
696,Weekend
697,Commuter
698,Weekend
699,Commuter
700,Thrifty
701,Thrifty
702,Commuter
703,Thrifty
704,Commuter
705,Commuter
706,Shopper
707,Thrifty
708,Shopper
709,Commuter
710,Weekend
711,Weekend
712,Weekend
713,Thrifty
714,Thrifty
715,Thrifty
716,Shopper
717,Shopper
718,Shopper
719,Commuter
720,Weekend
721,Shopper
722,Commuter
723,Commuter
724,Weekend
725,Weekend
726,Shopper
727,Commuter
728,Weekend
729,Commuter
730,Commuter
731,Commuter
732,Shopper
733,Weekend
734,Thrifty
735,Thrifty
736,Shopper
737,Thrifty
738,Shopper
739,Thrifty
740,Thrifty
741,Thrifty
742,Thrifty
743,Weekend
744,Thrifty
745,Commuter
746,Shopper
747,Thrifty
748,Thrifty
749,Shopper
750,Weekend
751,Commuter
752,Shopper
753,Weekend
754,Thrifty
755,Commuter
756,Weekend
757,Weekend
758,Thrifty
759,Shopper
760,Weekend
761,Commuter
762,Thrifty
763,Commuter
764,Weekend
765,Commuter
766,Weekend
767,Weekend
768,Shopper
769,Thrifty
770,Shopper
771,Commuter
772,Shopper
773,Commuter
774,Thrifty
775,Weekend
776,Commuter
777,Commuter
778,Weekend
779,Weekend
780,Weekend
781,Weekend
782,Thrifty
783,Commuter
784,Thrifty
785,Commuter
786,Shopper
787,Weekend
788,Thrifty
789,Thrifty
790,Shopper
791,Commuter
792,Weekend
793,Thrifty
794,Weekend
795,Commuter
796,Shopper
797,Shopper
798,Weekend
799,Weekend
800,Shopper
801,Weekend
802,Commuter
803,Weekend
804,Weekend
805,Thrifty
806,Weekend
807,Shopper
808,Shopper
809,Thrifty
810,Commuter
811,Shopper
812,Shopper
813,Commuter
814,Shopper
815,Shopper
816,Thrifty
817,Weekend
818,Thrifty
819,Commuter
820,Thrifty
821,Shopper
822,Commuter
823,Thrifty
824,Thrifty
825,Thrifty
826,Shopper
827,Thrifty
828,Thrifty
829,Weekend
830,Thrifty
831,Commuter
832,Thrifty
833,Commuter
834,Commuter
835,Thrifty
836,Thrifty
837,Shopper
838,Thrifty
839,Weekend
840,Weekend
841,Commuter
842,Weekend
843,Commuter
844,Shopper
845,Commuter
846,Thrifty
847,Commuter
848,Shopper
849,Thrifty
850,Weekend
851,Commuter
852,Weekend
853,Commuter
854,Shopper
855,Commuter
856,Commuter
857,Commuter
858,Thrifty
859,Weekend
860,Commuter
861,Weekend
862,Thrifty
863,Thrifty
864,Thrifty
865,Thrifty
866,Weekend
867,Commuter
868,Commuter
869,Shopper
870,Shopper
871,Thrifty
872,Commuter
873,Weekend
874,Thrifty
875,Commuter
876,Commuter
877,Weekend
878,Weekend
879,Commuter
880,Commuter
881,Commuter
882,Weekend
883,Commuter
884,Commuter
885,Weekend
886,Commuter
887,Weekend
888,Commuter
889,Commuter
890,Commuter
891,Weekend
892,Shopper
893,Shopper
894,Thrifty
895,Weekend
896,Commuter
897,Commuter
898,Shopper
899,Commuter
900,Commuter
901,Commuter
902,Commuter
903,Commuter
904,Weekend
905,Thrifty
906,Shopper
907,Shopper
908,Thrifty
909,Commuter
910,Thrifty
911,Weekend
912,Commuter
913,Weekend
914,Thrifty
915,Weekend
916,Thrifty
917,Commuter
918,Shopper
919,Weekend
920,Commuter
921,Shopper
922,Thrifty
923,Shopper
924,Weekend
925,Thrifty
926,Commuter
927,Commuter
928,Thrifty
929,Weekend
930,Commuter
931,Commuter
932,Shopper
933,Shopper
934,Thrifty
935,Commuter
936,Commuter
937,Commuter
938,Shopper
939,Commuter
940,Weekend
941,Commuter
942,Weekend
943,Weekend
944,Shopper
945,Commuter
946,Commuter
947,Commuter
948,Shopper
949,Shopper
950,Weekend
951,Weekend
952,Weekend
953,Commuter
954,Shopper
955,Thrifty
956,Thrifty
957,Thrifty
958,Commuter
959,Commuter
960,Weekend
961,Commuter
962,Weekend
963,Commuter
964,Thrifty
965,Commuter
966,Thrifty
967,Weekend
968,Commuter
969,Weekend
970,Thrifty
971,Weekend
972,Shopper
973,Weekend
974,Commuter
975,Commuter
976,Commuter
977,Weekend
978,Commuter
979,Thrifty
980,Weekend
981,Thrifty
982,Weekend
983,Commuter
984,Commuter
985,Weekend
986,Thrifty
987,Weekend
988,Thrifty
989,Commuter
990,Shopper
991,Weekend
992,Weekend
993,Commuter
994,Weekend
995,Thrifty
996,Commuter
997,Shopper
998,Commuter
999,Shopper
1000,Thrifty
1001,Commuter
1002,Thrifty
1003,Shopper
1004,Weekend
1005,Shopper
1006,Weekend
1007,Weekend
1008,Shopper
1009,Commuter
1010,Thrifty
1011,Commuter
1012,Shopper
1013,Shopper
1014,Commuter
1015,Weekend
1016,Shopper
1017,Commuter
1018,Weekend
1019,Shopper
1020,Commuter
1021,Weekend
1022,Commuter
1023,Shopper
1024,Shopper
1025,Shopper
1026,Thrifty
1027,Shopper
1028,Shopper
1029,Thrifty
1030,Shopper
1031,Commuter
1032,Weekend
1033,Commuter
1034,Commuter
1035,Commuter
1036,Weekend
1037,Thrifty
1038,Weekend
1039,Commuter
1040,Thrifty
1041,Thrifty
1042,Weekend
1043,Thrifty
1044,Weekend
1045,Shopper
1046,Weekend
1047,Commuter
1048,Commuter
1049,Shopper
1050,Commuter
1051,Shopper
1052,Thrifty
1053,Shopper
1054,Weekend
1055,Shopper
1056,Thrifty
1057,Weekend
1058,Thrifty
1059,Thrifty
1060,Weekend
1061,Shopper
1062,Shopper
1063,Weekend
1064,Thrifty
1065,Thrifty
1066,Weekend
1067,Commuter
1068,Commuter
1069,Thrifty
1070,Commuter
1071,Commuter
1072,Commuter
1073,Commuter
1074,Commuter
1075,Shopper
1076,Thrifty
1077,Thrifty
1078,Weekend
1079,Commuter
1080,Shopper
1081,Weekend
1082,Commuter
1083,Thrifty
1084,Shopper
1085,Shopper
1086,Thrifty
1087,Weekend
1088,Commuter
1089,Shopper
1090,Commuter
1091,Shopper
1092,Weekend
1093,Weekend
1094,Thrifty
1095,Commuter
1096,Commuter
1097,Commuter
1098,Commuter
1099,Weekend
1100,Thrifty
1101,Commuter
1102,Shopper
1103,Shopper
1104,Shopper
1105,Shopper
1106,Commuter
1107,Thrifty
1108,Weekend
1109,Weekend
1110,Commuter
1111,Shopper
1112,Commuter
1113,Commuter
1114,Thrifty
1115,Weekend
1116,Weekend
1117,Commuter
1118,Shopper
1119,Commuter
1120,Commuter
1121,Shopper
1122,Shopper
1123,Shopper
1124,Shopper
1125,Weekend
1126,Weekend
1127,Commuter
1128,Thrifty
1129,Thrifty
1130,Commuter
1131,Weekend
1132,Thrifty
1133,Commuter
1134,Commuter
1135,Weekend
1136,Commuter
1137,Shopper
1138,Thrifty
1139,Thrifty
1140,Weekend
1141,Shopper
1142,Thrifty
1143,Weekend
1144,Weekend
1145,Commuter
1146,Shopper
1147,Weekend
1148,Weekend
1149,Shopper
1150,Shopper
1151,Weekend
1152,Shopper
1153,Weekend
1154,Weekend
1155,Weekend
1156,Weekend
1157,Commuter
1158,Shopper
1159,Shopper
1160,Commuter
1161,Shopper
1162,Commuter
1163,Thrifty
1164,Weekend
1165,Commuter
1166,Shopper
1167,Shopper
1168,Thrifty
1169,Commuter
1170,Commuter
1171,Weekend
1172,Shopper
1173,Weekend
1174,Commuter
1175,Weekend
1176,Thrifty
1177,Weekend
1178,Commuter
1179,Weekend
1180,Thrifty
1181,Shopper
1182,Thrifty
1183,Weekend
1184,Shopper
1185,Commuter
1186,Shopper
1187,Weekend
1188,Commuter
1189,Thrifty
1190,Weekend
1191,Commuter
1192,Weekend
1193,Thrifty
1194,Weekend
1195,Commuter
1196,Shopper
1197,Shopper
1198,Shopper
1199,Weekend
1200,Commuter
1201,Weekend
1202,Commuter
1203,Commuter
1204,Thrifty
1205,Thrifty
1206,Weekend
1207,Weekend
1208,Thrifty
1209,Commuter
1210,Shopper
1211,Thrifty
1212,Thrifty
1213,Commuter
1214,Weekend
1215,Weekend
1216,Commuter
1217,Commuter
1218,Weekend
1219,Weekend
1220,Commuter
1221,Shopper
1222,Commuter
1223,Thrifty
1224,Shopper
1225,Thrifty
1226,Weekend
1227,Thrifty
1228,Commuter
1229,Shopper
1230,Thrifty
1231,Shopper
1232,Commuter
1233,Commuter
1234,Commuter
1235,Weekend
1236,Thrifty
1237,Shopper
1238,Thrifty
1239,Shopper
1240,Commuter
1241,Shopper
1242,Weekend
1243,Weekend
1244,Shopper
1245,Weekend
1246,Weekend
1247,Commuter
1248,Commuter
1249,Shopper
1250,Weekend
1251,Weekend
1252,Thrifty
1253,Commuter
1254,Commuter
1255,Weekend
1256,Thrifty
1257,Commuter
1258,Thrifty
1259,Commuter
1260,Weekend
1261,Commuter
1262,Weekend
1263,Thrifty
1264,Thrifty
1265,Commuter
1266,Commuter
1267,Thrifty
1268,Thrifty
1269,Weekend
1270,Commuter
1271,Weekend
1272,Shopper
1273,Weekend
1274,Commuter
1275,Thrifty
1276,Commuter
1277,Commuter
1278,Shopper
1279,Commuter
1280,Thrifty
1281,Weekend
1282,Weekend
1283,Weekend
1284,Commuter
1285,Thrifty
1286,Thrifty
1287,Commuter
1288,Thrifty
1289,Commuter
1290,Commuter
1291,Thrifty
1292,Commuter
1293,Weekend
1294,Weekend
1295,Shopper
1296,Commuter
1297,Commuter
1298,Commuter
1299,Weekend
1300,Weekend
1301,Commuter
1302,Shopper
1303,Commuter
1304,Thrifty
1305,Weekend
1306,Shopper
1307,Weekend
1308,Shopper
1309,Thrifty
1310,Shopper
1311,Commuter
1312,Shopper
1313,Thrifty
1314,Shopper
1315,Thrifty
1316,Weekend
1317,Thrifty
1318,Weekend
1319,Commuter
1320,Commuter
1321,Commuter
1322,Commuter
1323,Shopper
1324,Commuter
1325,Shopper
1326,Thrifty
1327,Commuter
1328,Weekend
1329,Weekend
1330,Thrifty
1331,Weekend
1332,Weekend
1333,Commuter
1334,Shopper
1335,Shopper
1336,Weekend
1337,Commuter
1338,Weekend
1339,Commuter
1340,Commuter
1341,Commuter
1342,Thrifty
1343,Shopper
1344,Weekend
1345,Weekend
1346,Thrifty
1347,Thrifty
1348,Thrifty
1349,Shopper
1350,Commuter
1351,Shopper
1352,Weekend
1353,Thrifty
1354,Weekend
1355,Thrifty
1356,Shopper
1357,Shopper
1358,Thrifty
1359,Commuter
1360,Weekend
1361,Shopper
1362,Commuter
1363,Weekend
1364,Weekend
1365,Weekend
1366,Commuter
1367,Weekend
1368,Shopper
1369,Commuter
1370,Commuter
1371,Shopper
1372,Commuter
1373,Shopper
1374,Thrifty
1375,Commuter
1376,Shopper
1377,Thrifty
1378,Thrifty
1379,Thrifty
1380,Weekend
1381,Commuter
1382,Thrifty
1383,Shopper
1384,Commuter
1385,Weekend
1386,Thrifty
1387,Weekend
1388,Commuter
1389,Shopper
1390,Thrifty
1391,Commuter
1392,Commuter
1393,Commuter
1394,Thrifty
1395,Thrifty
1396,Shopper
1397,Thrifty
1398,Commuter
1399,Weekend
1400,Weekend
1401,Commuter
1402,Commuter
1403,Commuter
1404,Weekend
1405,Weekend
1406,Thrifty
1407,Shopper
1408,Shopper
1409,Weekend
1410,Shopper
1411,Commuter
1412,Commuter
1413,Commuter
1414,Commuter
1415,Thrifty
1416,Shopper
1417,Commuter
1418,Commuter
1419,Thrifty
1420,Shopper
1421,Thrifty
1422,Thrifty
1423,Commuter
1424,Commuter
1425,Shopper
1426,Shopper
1427,Commuter
1428,Shopper
1429,Weekend
1430,Shopper
1431,Thrifty
1432,Thrifty
1433,Thrifty
1434,Weekend
1435,Commuter
1436,Commuter
1437,Thrifty
1438,Weekend
1439,Commuter
1440,Weekend
1441,Shopper
1442,Commuter
1443,Weekend
1444,Thrifty
1445,Shopper
1446,Commuter
1447,Weekend
1448,Shopper
1449,Shopper
1450,Weekend
1451,Thrifty
1452,Weekend
1453,Shopper
1454,Weekend
1455,Commuter
1456,Shopper
1457,Weekend
1458,Weekend
1459,Commuter
1460,Weekend
1461,Thrifty
1462,Weekend
1463,Commuter
1464,Weekend
1465,Shopper
1466,Commuter
1467,Shopper
1468,Thrifty
1469,Shopper
1470,Weekend
1471,Weekend
1472,Weekend
1473,Shopper
1474,Thrifty
1475,Thrifty
1476,Weekend
1477,Shopper
1478,Weekend
1479,Weekend
1480,Thrifty
1481,Shopper
1482,Commuter
1483,Thrifty
1484,Commuter
1485,Thrifty
1486,Thrifty
1487,Thrifty
1488,Weekend
1489,Thrifty
1490,Thrifty
1491,Commuter
1492,Thrifty
1493,Commuter
1494,Commuter
1495,Weekend
1496,Weekend
1497,Weekend
1498,Thrifty
1499,Thrifty
1500,Shopper
1501,Thrifty
1502,Thrifty
1503,Commuter
1504,Thrifty
1505,Thrifty
1506,Thrifty
1507,Weekend
1508,Thrifty
1509,Weekend
1510,Weekend
1511,Shopper
1512,Weekend
1513,Shopper
1514,Commuter
1515,Commuter
1516,Commuter
1517,Weekend
1518,Shopper
1519,Commuter
1520,Shopper
1521,Commuter
1522,Shopper
1523,Thrifty
1524,Commuter
1525,Thrifty
1526,Commuter
1527,Commuter
1528,Thrifty
1529,Shopper
1530,Thrifty
1531,Thrifty
1532,Weekend
1533,Weekend
1534,Commuter
1535,Thrifty
1536,Commuter
1537,Commuter
1538,Weekend
1539,Commuter
1540,Thrifty
1541,Weekend
1542,Commuter
1543,Weekend
1544,Commuter
1545,Shopper
1546,Thrifty
1547,Shopper
1548,Weekend
1549,Commuter
1550,Weekend
1551,Shopper
1552,Weekend
1553,Shopper
1554,Shopper
1555,Commuter
1556,Commuter
1557,Weekend
1558,Thrifty
1559,Shopper
1560,Shopper
1561,Thrifty
1562,Commuter
1563,Weekend
1564,Commuter
1565,Shopper
1566,Thrifty
1567,Weekend
1568,Commuter
1569,Weekend
1570,Thrifty
1571,Weekend
1572,Commuter
1573,Weekend
1574,Shopper
1575,Commuter
1576,Commuter
1577,Commuter
1578,Weekend
1579,Weekend
1580,Thrifty
1581,Commuter
1582,Thrifty
1583,Weekend
1584,Thrifty
1585,Shopper
1586,Commuter
1587,Weekend
1588,Thrifty
1589,Thrifty
1590,Weekend
1591,Weekend
1592,Shopper
1593,Commuter
1594,Commuter
1595,Weekend
1596,Weekend
1597,Commuter
1598,Commuter
1599,Commuter
1600,Shopper
1601,Commuter
1602,Thrifty
1603,Commuter
1604,Thrifty
1605,Commuter
1606,Thrifty
1607,Commuter
1608,Shopper
1609,Commuter
1610,Thrifty
1611,Shopper
1612,Weekend
1613,Thrifty
1614,Thrifty
1615,Thrifty
1616,Weekend
1617,Shopper
1618,Weekend
1619,Weekend
1620,Weekend
1621,Thrifty
1622,Commuter
1623,Weekend
1624,Shopper
1625,Commuter
1626,Weekend
1627,Commuter
1628,Thrifty
1629,Commuter
1630,Thrifty
1631,Weekend
1632,Thrifty
1633,Weekend
1634,Weekend
1635,Shopper
1636,Commuter
1637,Thrifty
1638,Commuter
1639,Shopper
1640,Shopper
1641,Thrifty
1642,Shopper
1643,Thrifty
1644,Weekend
1645,Commuter
1646,Weekend
1647,Commuter
1648,Shopper
1649,Weekend
1650,Weekend
1651,Commuter
1652,Thrifty
1653,Commuter
1654,Thrifty
1655,Commuter
1656,Shopper
1657,Weekend
1658,Thrifty
1659,Thrifty
1660,Thrifty
1661,Weekend
1662,Thrifty
1663,Shopper
1664,Thrifty
1665,Shopper
1666,Shopper
1667,Commuter
1668,Shopper
1669,Commuter
1670,Shopper
1671,Thrifty
1672,Shopper
1673,Shopper
1674,Shopper
1675,Weekend
1676,Thrifty
1677,Commuter
1678,Thrifty
1679,Commuter
1680,Weekend
1681,Thrifty
1682,Shopper
1683,Weekend
1684,Shopper
1685,Commuter
1686,Shopper
1687,Shopper
1688,Thrifty
1689,Weekend
1690,Weekend
1691,Commuter
1692,Thrifty
1693,Thrifty
1694,Commuter
1695,Thrifty
1696,Commuter
1697,Commuter
1698,Commuter
1699,Shopper
1700,Thrifty
1701,Shopper
1702,Thrifty
1703,Thrifty
1704,Thrifty
1705,Thrifty
1706,Commuter
1707,Weekend
1708,Commuter
1709,Weekend
1710,Weekend
1711,Commuter
1712,Commuter
1713,Weekend
1714,Thrifty
1715,Commuter
1716,Shopper
1717,Commuter
1718,Weekend
1719,Shopper
1720,Commuter
1721,Commuter
1722,Commuter
1723,Thrifty
1724,Commuter
1725,Weekend
1726,Commuter
1727,Thrifty
1728,Shopper
1729,Shopper
1730,Weekend
1731,Thrifty
1732,Weekend
1733,Thrifty
1734,Thrifty
1735,Commuter
1736,Shopper
1737,Thrifty
1738,Commuter
1739,Thrifty
1740,Thrifty
1741,Shopper
1742,Weekend
1743,Weekend
1744,Commuter
1745,Thrifty
1746,Thrifty
1747,Commuter
1748,Commuter
1749,Weekend
1750,Commuter
1751,Thrifty
1752,Commuter
1753,Commuter
1754,Commuter
1755,Shopper
1756,Shopper
1757,Shopper
1758,Thrifty
1759,Commuter
1760,Thrifty
1761,Thrifty
1762,Shopper
1763,Commuter
1764,Thrifty
1765,Commuter
1766,Thrifty
1767,Weekend
1768,Thrifty
1769,Thrifty
1770,Thrifty
1771,Thrifty
1772,Weekend
1773,Shopper
1774,Shopper
1775,Weekend
1776,Thrifty
1777,Weekend
1778,Thrifty
1779,Commuter
1780,Shopper
1781,Commuter
1782,Shopper
1783,Thrifty
1784,Weekend
1785,Weekend
1786,Shopper
1787,Weekend
1788,Weekend
1789,Commuter
1790,Thrifty
1791,Commuter
1792,Weekend
1793,Thrifty
1794,Weekend
1795,Commuter
1796,Commuter
1797,Weekend
1798,Commuter
1799,Commuter
1800,Commuter
1801,Shopper
1802,Weekend
1803,Thrifty
1804,Commuter
1805,Thrifty
1806,Weekend
1807,Weekend
1808,Commuter
1809,Commuter
1810,Commuter
1811,Weekend
1812,Weekend
1813,Commuter
1814,Commuter
1815,Commuter
1816,Shopper
1817,Commuter
1818,Weekend
1819,Weekend
1820,Thrifty
1821,Commuter
1822,Commuter
1823,Weekend
1824,Weekend
1825,Weekend
1826,Thrifty
1827,Commuter
1828,Shopper
1829,Weekend
1830,Commuter
1831,Shopper
1832,Weekend
1833,Weekend
1834,Weekend
1835,Shopper
1836,Weekend
1837,Commuter
1838,Thrifty
1839,Shopper
1840,Commuter
1841,Thrifty
1842,Thrifty
1843,Thrifty
1844,Weekend
1845,Shopper
1846,Commuter
1847,Commuter
1848,Commuter
1849,Shopper
1850,Weekend
1851,Commuter
1852,Shopper
1853,Shopper
1854,Shopper
1855,Shopper
1856,Commuter
1857,Weekend
1858,Thrifty
1859,Shopper
1860,Weekend
1861,Weekend
1862,Weekend
1863,Commuter
1864,Thrifty
1865,Shopper
1866,Shopper
1867,Commuter
1868,Commuter
1869,Commuter
1870,Weekend
1871,Shopper
1872,Commuter
1873,Thrifty
1874,Shopper
1875,Weekend
1876,Thrifty
1877,Weekend
1878,Thrifty
1879,Commuter
1880,Weekend
1881,Weekend
1882,Shopper
1883,Weekend
1884,Weekend
1885,Commuter
1886,Thrifty
1887,Commuter
1888,Commuter
1889,Weekend
1890,Shopper
1891,Commuter
1892,Thrifty
1893,Shopper
1894,Commuter
1895,Weekend
1896,Weekend
1897,Weekend
1898,Commuter
1899,Thrifty
1900,Weekend
1901,Weekend
1902,Commuter
1903,Weekend
1904,Commuter
1905,Weekend
1906,Commuter
1907,Shopper
1908,Thrifty
1909,Thrifty
1910,Commuter
1911,Thrifty
1912,Shopper
1913,Shopper
1914,Thrifty
1915,Thrifty
1916,Weekend
1917,Shopper
1918,Weekend
1919,Thrifty
1920,Thrifty
1921,Weekend
1922,Commuter
1923,Weekend
1924,Thrifty
1925,Weekend
1926,Commuter
1927,Weekend
1928,Thrifty
1929,Weekend
1930,Commuter
1931,Weekend
1932,Weekend
1933,Weekend
1934,Weekend
1935,Weekend
1936,Shopper
1937,Commuter
1938,Shopper
1939,Thrifty
1940,Commuter
1941,Commuter
1942,Thrifty
1943,Weekend
1944,Weekend
1945,Weekend
1946,Thrifty
1947,Thrifty
1948,Commuter
1949,Thrifty
1950,Thrifty
1951,Commuter
1952,Commuter
1953,Weekend
1954,Weekend
1955,Shopper
1956,Shopper
1957,Weekend
1958,Thrifty
1959,Weekend
1960,Weekend
1961,Commuter
1962,Thrifty
1963,Shopper
1964,Thrifty
1965,Weekend
1966,Weekend
1967,Commuter
1968,Thrifty
1969,Thrifty
1970,Commuter
1971,Commuter
1972,Shopper
1973,Commuter
1974,Thrifty
1975,Commuter
1976,Shopper
1977,Commuter
1978,Thrifty
1979,Shopper
1980,Shopper
1981,Commuter
1982,Shopper
1983,Thrifty
1984,Thrifty
1985,Commuter
1986,Commuter
1987,Weekend
1988,Thrifty
1989,Thrifty
1990,Weekend
1991,Weekend
1992,Commuter
1993,Weekend
1994,Commuter
1995,Weekend
1996,Weekend
1997,Shopper
1998,Commuter
1999,Commuter
2000,Commuter
2001,Commuter
2002,Commuter
2003,Shopper
2004,Commuter
2005,Commuter
2006,Weekend
2007,Thrifty
2008,Weekend
2009,Commuter
2010,Thrifty
2011,Commuter
2012,Commuter
2013,Shopper
2014,Commuter
2015,Thrifty
2016,Thrifty
2017,Thrifty
2018,Shopper
2019,Commuter
2020,Weekend
2021,Shopper
2022,Weekend
2023,Shopper
2024,Commuter
2025,Thrifty
2026,Commuter
2027,Weekend
2028,Shopper
2029,Commuter
2030,Weekend
2031,Commuter
2032,Weekend
2033,Thrifty
2034,Shopper
2035,Weekend
2036,Thrifty
2037,Commuter
2038,Commuter
2039,Commuter
2040,Commuter
2041,Shopper
2042,Weekend
2043,Thrifty
2044,Commuter
2045,Shopper
2046,Weekend
2047,Commuter
2048,Weekend
2049,Thrifty
2050,Commuter
2051,Thrifty
2052,Thrifty
2053,Commuter
2054,Shopper
2055,Shopper
2056,Weekend
2057,Thrifty
2058,Thrifty
2059,Weekend
2060,Thrifty
2061,Commuter
2062,Thrifty
2063,Shopper
2064,Thrifty
2065,Commuter
2066,Weekend
2067,Commuter
2068,Commuter
2069,Commuter
2070,Thrifty
2071,Weekend
2072,Thrifty
2073,Commuter
2074,Shopper
2075,Shopper
2076,Shopper
2077,Commuter
2078,Thrifty
2079,Shopper
2080,Weekend
2081,Commuter
2082,Commuter
2083,Thrifty
2084,Shopper
2085,Thrifty
2086,Thrifty
2087,Commuter
2088,Weekend
2089,Shopper
2090,Thrifty
2091,Weekend
2092,Shopper
2093,Commuter
2094,Thrifty
2095,Commuter
2096,Weekend
2097,Weekend
2098,Weekend
2099,Weekend
2100,Thrifty
2101,Shopper
2102,Thrifty
2103,Commuter
2104,Weekend
2105,Weekend
2106,Thrifty
2107,Shopper
2108,Shopper
2109,Commuter
2110,Shopper
2111,Commuter
2112,Commuter
2113,Commuter
2114,Shopper
2115,Weekend
2116,Commuter
2117,Thrifty
2118,Weekend
2119,Commuter
2120,Shopper
2121,Shopper
2122,Thrifty
2123,Shopper
2124,Thrifty
2125,Shopper
2126,Weekend
2127,Weekend
2128,Commuter
2129,Shopper
2130,Thrifty
2131,Commuter
2132,Commuter
2133,Weekend
2134,Thrifty
2135,Weekend
2136,Shopper
2137,Commuter
2138,Weekend
2139,Commuter
2140,Shopper
2141,Shopper
2142,Thrifty
2143,Weekend
2144,Thrifty
2145,Thrifty
2146,Shopper
2147,Thrifty
2148,Thrifty
2149,Thrifty
2150,Shopper
2151,Thrifty
2152,Commuter
2153,Weekend
2154,Shopper
2155,Commuter
2156,Commuter
2157,Commuter
2158,Thrifty
2159,Thrifty
2160,Weekend
2161,Weekend
2162,Weekend
2163,Thrifty
2164,Shopper
2165,Thrifty
2166,Shopper
2167,Weekend
2168,Commuter
2169,Weekend
2170,Thrifty
2171,Weekend
2172,Commuter
2173,Commuter
2174,Shopper
2175,Commuter
2176,Shopper
2177,Commuter
2178,Weekend
2179,Weekend
2180,Thrifty
2181,Thrifty
2182,Commuter
2183,Commuter
2184,Thrifty
2185,Weekend
2186,Shopper
2187,Shopper
2188,Weekend
2189,Weekend
2190,Weekend
2191,Commuter
2192,Shopper
2193,Weekend
2194,Weekend
2195,Commuter
2196,Thrifty
2197,Thrifty
2198,Shopper
2199,Thrifty
2200,Thrifty
2201,Shopper
2202,Commuter
2203,Thrifty
2204,Commuter
2205,Weekend
2206,Shopper
2207,Commuter
2208,Shopper
2209,Commuter
2210,Shopper
2211,Weekend
2212,Shopper
2213,Commuter
2214,Shopper
2215,Weekend
2216,Thrifty
2217,Shopper
2218,Commuter
2219,Shopper
2220,Commuter
2221,Weekend
2222,Thrifty
2223,Commuter
2224,Commuter
2225,Commuter
2226,Thrifty
2227,Thrifty
2228,Weekend
2229,Commuter
2230,Commuter
2231,Weekend
2232,Commuter
2233,Shopper
2234,Shopper
2235,Weekend
2236,Weekend
2237,Shopper
2238,Commuter
2239,Commuter
2240,Commuter
2241,Weekend
2242,Commuter
2243,Weekend
2244,Shopper
2245,Shopper
2246,Thrifty
2247,Commuter
2248,Shopper
2249,Weekend
2250,Commuter
2251,Commuter
2252,Shopper
2253,Weekend
2254,Shopper
2255,Shopper
2256,Weekend
2257,Thrifty
2258,Thrifty
2259,Thrifty
2260,Thrifty
2261,Weekend
2262,Weekend
2263,Shopper
2264,Thrifty
2265,Weekend
2266,Weekend
2267,Weekend
2268,Weekend
2269,Commuter
2270,Thrifty
2271,Commuter
2272,Thrifty
2273,Thrifty
2274,Weekend
2275,Shopper
2276,Weekend
2277,Weekend
2278,Thrifty
2279,Weekend
2280,Commuter
2281,Commuter
2282,Thrifty
2283,Thrifty
2284,Commuter
2285,Commuter
2286,Commuter
2287,Shopper
2288,Thrifty
2289,Thrifty
2290,Commuter
2291,Weekend
2292,Commuter
2293,Commuter
2294,Thrifty
2295,Commuter
2296,Commuter
2297,Commuter
2298,Commuter
2299,Commuter
2300,Thrifty
2301,Shopper
2302,Weekend
2303,Thrifty
2304,Commuter
2305,Shopper
2306,Thrifty
2307,Commuter
2308,Weekend
2309,Commuter
2310,Thrifty
2311,Thrifty
2312,Shopper
2313,Thrifty
2314,Weekend
2315,Shopper
2316,Commuter
2317,Commuter
2318,Thrifty
2319,Thrifty
2320,Thrifty
2321,Shopper
2322,Weekend
2323,Weekend
2324,Thrifty
2325,Shopper
2326,Shopper
2327,Shopper
2328,Commuter
2329,Weekend
2330,Commuter
2331,Commuter
2332,Commuter
2333,Weekend
2334,Weekend
2335,Commuter
2336,Thrifty
2337,Thrifty
2338,Thrifty
2339,Commuter
2340,Thrifty
2341,Weekend
2342,Commuter
2343,Commuter
2344,Thrifty
2345,Shopper
2346,Weekend
2347,Weekend
2348,Thrifty
2349,Weekend
2350,Commuter
2351,Weekend
2352,Shopper
2353,Weekend
2354,Shopper
2355,Weekend
2356,Commuter
2357,Shopper
2358,Commuter
2359,Thrifty
2360,Commuter
2361,Commuter
2362,Thrifty
2363,Commuter
2364,Thrifty
2365,Weekend
2366,Commuter
2367,Commuter
2368,Weekend
2369,Thrifty
2370,Weekend
2371,Weekend
2372,Shopper
2373,Weekend
2374,Thrifty
2375,Weekend
2376,Commuter
2377,Thrifty
2378,Weekend
2379,Thrifty
2380,Weekend
2381,Shopper
2382,Shopper
2383,Shopper
2384,Thrifty
2385,Thrifty
2386,Weekend
2387,Thrifty
2388,Weekend
2389,Weekend
2390,Weekend
2391,Thrifty
2392,Commuter
2393,Thrifty
2394,Commuter
2395,Shopper
2396,Thrifty
2397,Commuter
2398,Commuter
2399,Weekend
2400,Weekend
2401,Thrifty
2402,Commuter
2403,Thrifty
2404,Thrifty
2405,Weekend
2406,Weekend
2407,Thrifty
2408,Commuter
2409,Shopper
2410,Thrifty
2411,Weekend
2412,Commuter
2413,Thrifty
2414,Commuter
2415,Thrifty
2416,Shopper
2417,Thrifty
2418,Commuter
2419,Commuter
2420,Thrifty
2421,Commuter
2422,Commuter
2423,Weekend
2424,Thrifty
2425,Commuter
2426,Shopper
2427,Commuter
2428,Shopper
2429,Thrifty
2430,Shopper
2431,Weekend
2432,Shopper
2433,Shopper
2434,Commuter
2435,Shopper
2436,Thrifty
2437,Thrifty
2438,Thrifty
2439,Thrifty
2440,Commuter
2441,Weekend
2442,Thrifty
2443,Weekend
2444,Shopper
2445,Thrifty
2446,Thrifty
2447,Commuter
2448,Commuter
2449,Commuter
2450,Thrifty
2451,Commuter
2452,Shopper
2453,Weekend
2454,Thrifty
2455,Weekend
2456,Commuter
2457,Thrifty
2458,Weekend
2459,Thrifty
2460,Thrifty
2461,Shopper
2462,Shopper
2463,Weekend
2464,Weekend
2465,Weekend
2466,Commuter
2467,Thrifty
2468,Commuter
2469,Thrifty
2470,Thrifty
2471,Commuter
2472,Shopper
2473,Shopper
2474,Weekend
2475,Thrifty
2476,Shopper
2477,Commuter
2478,Weekend
2479,Commuter
2480,Weekend
2481,Commuter
2482,Shopper
2483,Shopper
2484,Commuter
2485,Thrifty
2486,Shopper
2487,Thrifty
2488,Shopper
2489,Weekend
2490,Thrifty
2491,Commuter
2492,Commuter
2493,Weekend
2494,Thrifty
2495,Thrifty
2496,Thrifty
2497,Weekend
2498,Shopper
2499,Shopper
2500,Thrifty
2501,Shopper
2502,Weekend
2503,Weekend
2504,Shopper
2505,Commuter
2506,Commuter
2507,Shopper
2508,Thrifty
2509,Shopper
2510,Shopper
2511,Commuter
2512,Shopper
2513,Thrifty
2514,Thrifty
2515,Weekend
2516,Shopper
2517,Commuter
2518,Thrifty
2519,Weekend
2520,Weekend
2521,Weekend
2522,Commuter
2523,Commuter
2524,Thrifty
2525,Shopper
2526,Commuter
2527,Commuter
2528,Shopper
2529,Commuter
2530,Shopper
2531,Weekend
2532,Shopper
2533,Commuter
2534,Commuter
2535,Weekend
2536,Shopper
2537,Weekend
2538,Commuter
2539,Weekend
2540,Weekend
2541,Weekend
2542,Weekend
2543,Shopper
2544,Weekend
2545,Commuter
2546,Thrifty
2547,Commuter
2548,Thrifty
2549,Thrifty
2550,Commuter
2551,Thrifty
2552,Commuter
2553,Shopper
2554,Shopper
2555,Commuter
2556,Shopper
2557,Thrifty
2558,Commuter
2559,Commuter
2560,Thrifty
2561,Weekend
2562,Weekend
2563,Commuter
2564,Commuter
2565,Thrifty
2566,Commuter
2567,Commuter
2568,Commuter
2569,Shopper
2570,Shopper
2571,Thrifty
2572,Shopper
2573,Thrifty
2574,Thrifty
2575,Commuter
2576,Weekend
2577,Shopper
2578,Weekend
2579,Thrifty
2580,Weekend
2581,Commuter
2582,Shopper
2583,Thrifty
2584,Thrifty
2585,Weekend
2586,Weekend
2587,Commuter
2588,Weekend
2589,Commuter
2590,Weekend
2591,Shopper
2592,Shopper
2593,Weekend
2594,Thrifty
2595,Commuter
2596,Weekend
2597,Commuter
2598,Thrifty
2599,Commuter
2600,Commuter
2601,Weekend
2602,Commuter
2603,Weekend
2604,Thrifty
2605,Commuter
2606,Thrifty
2607,Commuter
2608,Commuter
2609,Weekend
2610,Commuter
2611,Shopper
2612,Commuter
2613,Commuter
2614,Weekend
2615,Thrifty
2616,Commuter
2617,Thrifty
2618,Commuter
2619,Shopper
2620,Thrifty
2621,Weekend
2622,Shopper
2623,Thrifty
2624,Shopper
2625,Thrifty
2626,Shopper
2627,Commuter
2628,Weekend
2629,Thrifty
2630,Thrifty
2631,Weekend
2632,Weekend
2633,Commuter
2634,Commuter
2635,Weekend
2636,Weekend
2637,Shopper
2638,Weekend
2639,Shopper
2640,Weekend
2641,Commuter
2642,Commuter
2643,Weekend
2644,Weekend
2645,Commuter
2646,Thrifty
2647,Shopper
2648,Thrifty
2649,Thrifty
2650,Thrifty
2651,Commuter
2652,Thrifty
2653,Thrifty
2654,Commuter
2655,Weekend
2656,Thrifty
2657,Shopper
2658,Shopper
2659,Commuter
2660,Weekend
2661,Thrifty
2662,Shopper
2663,Commuter
2664,Weekend
2665,Weekend
2666,Commuter
2667,Commuter
2668,Weekend
2669,Weekend
2670,Thrifty
2671,Weekend
2672,Thrifty
2673,Weekend
2674,Commuter
2675,Shopper
2676,Commuter
2677,Thrifty
2678,Commuter
2679,Commuter
2680,Thrifty
2681,Commuter
2682,Shopper
2683,Commuter
2684,Thrifty
2685,Thrifty
2686,Commuter
2687,Commuter
2688,Thrifty
2689,Thrifty
2690,Thrifty
2691,Thrifty
2692,Weekend
2693,Commuter
2694,Thrifty
2695,Shopper
2696,Thrifty
2697,Weekend
2698,Thrifty
2699,Weekend
2700,Weekend
2701,Thrifty
2702,Shopper
2703,Commuter
2704,Commuter
2705,Weekend
2706,Shopper
2707,Commuter
2708,Commuter
2709,Commuter
2710,Commuter
2711,Weekend
2712,Thrifty
2713,Thrifty
2714,Thrifty
2715,Commuter
2716,Commuter
2717,Weekend
2718,Shopper
2719,Shopper
2720,Commuter
2721,Shopper
2722,Weekend
2723,Weekend
2724,Thrifty
2725,Thrifty
2726,Thrifty
2727,Commuter
2728,Commuter
2729,Commuter
2730,Thrifty
2731,Weekend
2732,Thrifty
2733,Commuter
2734,Shopper
2735,Shopper
2736,Weekend
2737,Shopper
2738,Thrifty
2739,Shopper
2740,Commuter
2741,Thrifty
2742,Commuter
2743,Commuter
2744,Commuter
2745,Weekend
2746,Weekend
2747,Weekend
2748,Commuter
2749,Shopper
2750,Weekend
2751,Thrifty
2752,Weekend
2753,Commuter
2754,Thrifty
2755,Shopper
2756,Commuter
2757,Thrifty
2758,Shopper
2759,Weekend
2760,Commuter
2761,Commuter
2762,Commuter
2763,Weekend
2764,Thrifty
2765,Commuter
2766,Shopper
2767,Thrifty
2768,Commuter
2769,Thrifty
2770,Weekend
2771,Commuter
2772,Commuter
2773,Shopper
2774,Thrifty
2775,Thrifty
2776,Thrifty
2777,Commuter
2778,Commuter
2779,Thrifty
2780,Commuter
2781,Commuter
2782,Shopper
2783,Shopper
2784,Weekend
2785,Shopper
2786,Commuter
2787,Shopper
2788,Commuter
2789,Shopper
2790,Shopper
2791,Weekend
2792,Shopper
2793,Weekend
2794,Commuter
2795,Thrifty
2796,Weekend
2797,Commuter
2798,Weekend
2799,Shopper
2800,Commuter
2801,Weekend
2802,Shopper
2803,Shopper
2804,Shopper
2805,Thrifty
2806,Shopper
2807,Weekend
2808,Commuter
2809,Thrifty
2810,Weekend
2811,Commuter
2812,Weekend
2813,Weekend
2814,Commuter
2815,Weekend
2816,Weekend
2817,Thrifty
2818,Commuter
2819,Commuter
2820,Thrifty
2821,Shopper
2822,Commuter
2823,Weekend
2824,Commuter
2825,Thrifty
2826,Shopper
2827,Weekend
2828,Commuter
2829,Thrifty
2830,Commuter
2831,Thrifty
2832,Weekend
2833,Commuter
2834,Commuter
2835,Thrifty
2836,Shopper
2837,Shopper
2838,Commuter
2839,Weekend
2840,Thrifty
2841,Thrifty
2842,Weekend
2843,Shopper
2844,Shopper
2845,Weekend
2846,Thrifty
2847,Weekend
2848,Commuter
2849,Weekend
2850,Thrifty
2851,Weekend
2852,Commuter
2853,Commuter
2854,Shopper
2855,Commuter
2856,Thrifty
2857,Commuter
2858,Commuter
2859,Commuter
2860,Commuter
2861,Shopper
2862,Commuter
2863,Shopper
2864,Weekend
2865,Thrifty
2866,Weekend
2867,Thrifty
2868,Weekend
2869,Commuter
2870,Thrifty
2871,Shopper
2872,Shopper
2873,Shopper
2874,Thrifty
2875,Weekend
2876,Thrifty
2877,Thrifty
2878,Commuter
2879,Weekend
2880,Commuter
2881,Thrifty
2882,Shopper
2883,Commuter
2884,Commuter
2885,Commuter
2886,Shopper
2887,Thrifty
2888,Thrifty
2889,Shopper
2890,Shopper
2891,Thrifty
2892,Weekend
2893,Weekend
2894,Weekend
2895,Commuter
2896,Shopper
2897,Thrifty
2898,Commuter
2899,Thrifty
2900,Commuter
2901,Commuter
2902,Weekend
2903,Commuter
2904,Thrifty
2905,Thrifty
2906,Commuter
2907,Shopper
2908,Commuter
2909,Thrifty
2910,Thrifty
2911,Commuter
2912,Commuter
2913,Weekend
2914,Shopper
2915,Commuter
2916,Weekend
2917,Weekend
2918,Shopper
2919,Thrifty
2920,Thrifty
2921,Thrifty
2922,Weekend
2923,Shopper
2924,Commuter
2925,Thrifty
2926,Shopper
2927,Shopper
2928,Shopper
2929,Weekend
2930,Thrifty
2931,Weekend
2932,Weekend
2933,Commuter
2934,Thrifty
2935,Weekend
2936,Commuter
2937,Weekend
2938,Weekend
2939,Shopper
2940,Commuter
2941,Commuter
2942,Weekend
2943,Commuter
2944,Weekend
2945,Weekend
2946,Commuter
2947,Thrifty
2948,Thrifty
2949,Thrifty
2950,Shopper
2951,Shopper
2952,Weekend
2953,Weekend
2954,Thrifty
2955,Shopper
2956,Weekend
2957,Weekend
2958,Shopper
2959,Commuter
2960,Shopper
2961,Commuter
2962,Thrifty
2963,Thrifty
2964,Shopper
2965,Shopper
2966,Weekend
2967,Weekend
2968,Weekend
2969,Shopper
2970,Thrifty
2971,Thrifty
2972,Commuter
2973,Weekend
2974,Weekend
2975,Thrifty
2976,Commuter
2977,Shopper
2978,Commuter
2979,Weekend
2980,Shopper
2981,Thrifty
2982,Commuter
2983,Weekend
2984,Shopper
2985,Thrifty
2986,Shopper
2987,Commuter
2988,Thrifty
2989,Weekend
2990,Shopper
2991,Commuter
2992,Shopper
2993,Weekend
2994,Thrifty
2995,Commuter
2996,Shopper
2997,Commuter
2998,Thrifty
2999,Commuter
3000,Shopper
