customer_id,assigned_persona,assign_rule
1,Thrifty,rule:thrifty
2,Shopper,rule:shopper
3,Thrifty,soft:Thrifty
4,Thrifty,soft:Thrifty
5,Commuter,rule:commuter_strict
6,Commuter,rule:commuter_strict
7,Commuter,rule:commuter_strict
8,Shopper,rule:shopper
9,Weekend,soft:Weekend
10,Thrifty,soft:Thrifty
11,Commuter,rule:commuter_strict
12,Shopper,rule:shopper
13,Shopper,soft:Shopper
14,Commuter,rule:commuter_strict
15,Commuter,rule:commuter_strict
16,Commuter,rule:commuter_strict
17,Thrifty,soft:Thrifty
18,Thrifty,soft:Thrifty
19,Thrifty,rule:thrifty
20,Thrifty,soft:Thrifty
21,Thrifty,soft:Thrifty
22,Commuter,rule:commuter_strict
23,Thrifty,rule:thrifty
24,Thrifty,soft:Thrifty
25,Thrifty,soft:Thrifty
26,Weekend,soft:Weekend
27,Commuter,rule:commuter_strict
28,Thrifty,rule:thrifty
29,Thrifty,soft:Thrifty
30,Commuter,rule:commuter_strict
31,Thrifty,soft:Thrifty
32,Commuter,rule:commuter_strict
33,Commuter,rule:commuter_strict
34,Shopper,rule:shopper
35,Shopper,rule:shopper
36,Shopper,rule:shopper
37,Thrifty,rule:thrifty
38,Commuter,rule:commuter_strict
39,Weekend,soft:Weekend
40,Thrifty,rule:thrifty
41,Commuter,rule:commuter_strict
42,Thrifty,soft:Thrifty
43,Commuter,rule:commuter_strict
44,Shopper,rule:shopper
45,Thrifty,rule:thrifty
46,Thrifty,soft:Thrifty
47,Thrifty,soft:Thrifty
48,Thrifty,rule:thrifty
49,Thrifty,soft:Thrifty
50,Commuter,rule:commuter_strict
51,Shopper,rule:shopper
52,Weekend,soft:Weekend
53,Shopper,rule:shopper
54,Shopper,rule:shopper
55,Thrifty,soft:Thrifty
56,Shopper,rule:shopper
57,Commuter,rule:commuter_strict
58,Commuter,rule:commuter_strict
59,Commuter,rule:commuter_strict
60,Thrifty,rule:thrifty
61,Thrifty,rule:thrifty
62,Thrifty,rule:thrifty
63,Shopper,rule:shopper
64,Thrifty,soft:Thrifty
65,Thrifty,soft:Thrifty
66,Shopper,soft:Shopper
67,Commuter,rule:commuter_strict
68,Shopper,rule:shopper
69,Commuter,rule:commuter_strict
70,Shopper,rule:shopper
71,Thrifty,soft:Thrifty
72,Commuter,rule:commuter_strict
73,Commuter,rule:commuter_strict
74,Shopper,rule:shopper
75,Thrifty,soft:Thrifty
76,Thrifty,soft:Thrifty
77,Thrifty,soft:Thrifty
78,Commuter,rule:commuter_strict
79,Thrifty,rule:thrifty
80,Commuter,rule:commuter_strict
81,Shopper,soft:Shopper
82,Weekend,soft:Weekend
83,Thrifty,rule:thrifty
84,Commuter,rule:commuter_strict
85,Thrifty,rule:thrifty
86,Thrifty,soft:Thrifty
87,Thrifty,soft:Thrifty
88,Thrifty,soft:Thrifty
89,Shopper,rule:shopper
90,Thrifty,rule:thrifty
91,Commuter,rule:commuter_strict
92,Thrifty,soft:Thrifty
93,Thrifty,soft:Thrifty
94,Thrifty,soft:Thrifty
95,Thrifty,soft:Thrifty
96,Thrifty,soft:Thrifty
97,Thrifty,soft:Thrifty
98,Thrifty,rule:thrifty
99,Commuter,rule:commuter_strict
100,Commuter,rule:commuter_strict
101,Commuter,rule:commuter_strict
102,Weekend,soft:Weekend
103,Thrifty,rule:thrifty
104,Thrifty,rule:thrifty
105,Shopper,rule:shopper
106,Commuter,rule:commuter_strict
107,Thrifty,rule:thrifty
108,Thrifty,soft:Thrifty
109,Commuter,rule:commuter_strict
110,Commuter,rule:commuter_strict
111,Thrifty,rule:thrifty
112,Commuter,rule:commuter_strict
113,Shopper,rule:shopper
114,Shopper,soft:Shopper
115,Thrifty,soft:Thrifty
116,Shopper,rule:shopper
117,Shopper,rule:shopper
118,Commuter,rule:commuter_strict
119,Shopper,soft:Shopper
120,Thrifty,soft:Thrifty
121,Shopper,rule:shopper
122,Shopper,soft:Shopper
123,Thrifty,rule:thrifty
124,Commuter,rule:commuter_strict
125,Commuter,rule:commuter_strict
126,Thrifty,rule:thrifty
127,Shopper,rule:shopper
128,Shopper,rule:shopper
129,Commuter,rule:commuter_strict
130,Thrifty,rule:thrifty
131,Thrifty,rule:thrifty
132,Commuter,rule:commuter_strict
133,Commuter,rule:commuter_strict
134,Thrifty,rule:thrifty
135,Shopper,rule:shopper
136,Thrifty,soft:Thrifty
137,Thrifty,rule:thrifty
138,Thrifty,soft:Thrifty
139,Thrifty,soft:Thrifty
140,Shopper,rule:shopper
141,Shopper,rule:shopper
142,Commuter,rule:commuter_strict
143,Thrifty,soft:Thrifty
144,Thrifty,rule:thrifty
145,Thrifty,rule:thrifty
146,Commuter,rule:commuter_strict
147,Thrifty,soft:Thrifty
148,Thrifty,rule:thrifty
149,Commuter,rule:commuter_strict
150,Thrifty,rule:thrifty
151,Shopper,rule:shopper
152,Commuter,rule:commuter_strict
153,Commuter,rule:commuter_strict
154,Thrifty,rule:thrifty
155,Shopper,soft:Shopper
156,Commuter,rule:commuter_strict
157,Thrifty,soft:Thrifty
158,Thrifty,soft:Thrifty
159,Commuter,rule:commuter_strict
160,Thrifty,soft:Thrifty
161,Thrifty,rule:thrifty
162,Thrifty,soft:Thrifty
163,Weekend,soft:Weekend
164,Thrifty,soft:Thrifty
165,Commuter,rule:commuter_strict
166,Shopper,rule:shopper
167,Thrifty,rule:thrifty
168,Commuter,rule:commuter_strict
169,Commuter,rule:commuter_strict
170,Weekend,soft:Weekend
171,Thrifty,soft:Thrifty
172,Commuter,rule:commuter_strict
173,Thrifty,soft:Thrifty
174,Commuter,rule:commuter_strict
175,Thrifty,soft:Thrifty
176,Commuter,rule:commuter_strict
177,Thrifty,soft:Thrifty
178,Thrifty,rule:thrifty
179,Shopper,rule:shopper
180,Commuter,rule:commuter_strict
181,Thrifty,rule:thrifty
182,Commuter,rule:commuter_strict
183,Shopper,rule:shopper
184,Shopper,rule:shopper
185,Thrifty,rule:thrifty
186,Thrifty,soft:Thrifty
187,Shopper,rule:shopper
188,Thrifty,soft:Thrifty
189,Shopper,soft:Shopper
190,Commuter,rule:commuter_strict
191,Commuter,rule:commuter_strict
192,Shopper,rule:shopper
193,Shopper,rule:shopper
194,Thrifty,soft:Thrifty
195,Thrifty,rule:thrifty
196,Thrifty,rule:thrifty
197,Weekend,soft:Weekend
198,Shopper,rule:shopper
199,Shopper,rule:shopper
200,Weekend,soft:Weekend
201,Thrifty,soft:Thrifty
202,Commuter,rule:commuter_strict
203,Commuter,rule:commuter_strict
204,Shopper,rule:shopper
205,Thrifty,soft:Thrifty
206,Commuter,rule:commuter_strict
207,Commuter,rule:commuter_strict
208,Thrifty,soft:Thrifty
209,Commuter,rule:commuter_strict
210,Commuter,rule:commuter_strict
211,Weekend,soft:Weekend
212,Thrifty,soft:Thrifty
213,Thrifty,soft:Thrifty
214,Commuter,rule:commuter_strict
215,Thrifty,soft:Thrifty
216,Commuter,rule:commuter_strict
217,Thrifty,rule:thrifty
218,Thrifty,soft:Thrifty
219,Thrifty,soft:Thrifty
220,Shopper,rule:shopper
221,Thrifty,soft:Thrifty
222,Weekend,soft:Weekend
223,Commuter,rule:commuter_strict
224,Thrifty,soft:Thrifty
225,Thrifty,soft:Thrifty
226,Commuter,rule:commuter_strict
227,Shopper,rule:shopper
228,Thrifty,rule:thrifty
229,Shopper,soft:Shopper
230,Thrifty,soft:Thrifty
231,Shopper,rule:shopper
232,Thrifty,rule:thrifty
233,Weekend,soft:Weekend
234,Thrifty,soft:Thrifty
235,Commuter,rule:commuter_strict
236,Thrifty,soft:Thrifty
237,Thrifty,rule:thrifty
238,Commuter,rule:commuter_strict
239,Thrifty,soft:Thrifty
240,Commuter,rule:commuter_strict
241,Shopper,rule:shopper
242,Shopper,rule:shopper
243,Shopper,soft:Shopper
244,Thrifty,rule:thrifty
245,Commuter,rule:commuter_strict
246,Shopper,rule:shopper
247,Thrifty,rule:thrifty
248,Shopper,rule:shopper
249,Shopper,soft:Shopper
250,Shopper,rule:shopper
251,Thrifty,rule:thrifty
252,Thrifty,rule:thrifty
253,Shopper,rule:shopper
254,Thrifty,rule:thrifty
255,Commuter,rule:commuter_strict
256,Weekend,soft:Weekend
257,Shopper,rule:shopper
258,Thrifty,soft:Thrifty
259,Thrifty,soft:Thrifty
260,Commuter,rule:commuter_strict
261,Thrifty,soft:Thrifty
262,Shopper,rule:shopper
263,Commuter,rule:commuter_strict
264,Thrifty,soft:Thrifty
265,Shopper,rule:shopper
266,Thrifty,soft:Thrifty
267,Weekend,soft:Weekend
268,Thrifty,soft:Thrifty
269,Thrifty,rule:thrifty
270,Thrifty,soft:Thrifty
271,Shopper,rule:shopper
272,Shopper,rule:shopper
273,Shopper,rule:shopper
274,Shopper,soft:Shopper
275,Thrifty,soft:Thrifty
276,Thrifty,soft:Thrifty
277,Shopper,rule:shopper
278,Thrifty,soft:Thrifty
279,Thrifty,soft:Thrifty
280,Shopper,rule:shopper
281,Shopper,rule:shopper
282,Thrifty,soft:Thrifty
283,Thrifty,rule:thrifty
284,Commuter,rule:commuter_strict
285,Weekend,soft:Weekend
286,Commuter,rule:commuter_strict
287,Thrifty,soft:Thrifty
288,Weekend,soft:Weekend
289,Thrifty,rule:thrifty
290,Thrifty,soft:Thrifty
291,Commuter,rule:commuter_strict
292,Commuter,rule:commuter_strict
293,Shopper,rule:shopper
294,Thrifty,soft:Thrifty
295,Commuter,rule:commuter_strict
296,Weekend,soft:Weekend
297,Thrifty,soft:Thrifty
298,Commuter,rule:commuter_strict
299,Thrifty,soft:Thrifty
300,Commuter,rule:commuter_strict
301,Commuter,rule:commuter_strict
302,Thrifty,soft:Thrifty
303,Thrifty,soft:Thrifty
304,Thrifty,soft:Thrifty
305,Thrifty,soft:Thrifty
306,Shopper,soft:Shopper
307,Thrifty,rule:thrifty
308,Thrifty,soft:Thrifty
309,Shopper,rule:shopper
310,Thrifty,rule:thrifty
311,Thrifty,rule:thrifty
312,Commuter,rule:commuter_strict
313,Commuter,rule:commuter_strict
314,Shopper,rule:shopper
315,Shopper,rule:shopper
316,Thrifty,soft:Thrifty
317,Thrifty,soft:Thrifty
318,Commuter,rule:commuter_strict
319,Commuter,rule:commuter_strict
320,Commuter,rule:commuter_strict
321,Thrifty,soft:Thrifty
322,Thrifty,soft:Thrifty
323,Thrifty,soft:Thrifty
324,Thrifty,rule:thrifty
325,Shopper,rule:shopper
326,Thrifty,soft:Thrifty
327,Thrifty,soft:Thrifty
328,Thrifty,soft:Thrifty
329,Thrifty,rule:thrifty
330,Commuter,rule:commuter_strict
331,Thrifty,soft:Thrifty
332,Thrifty,soft:Thrifty
333,Commuter,rule:commuter_strict
334,Commuter,rule:commuter_strict
335,Commuter,rule:commuter_strict
336,Commuter,rule:commuter_strict
337,Shopper,rule:shopper
338,Weekend,soft:Weekend
339,Thrifty,soft:Thrifty
340,Commuter,rule:commuter_strict
341,Weekend,rule:weekend
342,Thrifty,soft:Thrifty
343,Commuter,rule:commuter_strict
344,Thrifty,soft:Thrifty
345,Thrifty,rule:thrifty
346,Thrifty,soft:Thrifty
347,Weekend,soft:Weekend
348,Commuter,rule:commuter_strict
349,Thrifty,soft:Thrifty
350,Thrifty,soft:Thrifty
351,Thrifty,soft:Thrifty
352,Shopper,rule:shopper
353,Thrifty,soft:Thrifty
354,Commuter,rule:commuter_strict
355,Commuter,rule:commuter_strict
356,Weekend,soft:Weekend
357,Commuter,rule:commuter_strict
358,Thrifty,soft:Thrifty
359,Shopper,rule:shopper
360,Thrifty,soft:Thrifty
361,Thrifty,rule:thrifty
362,Thrifty,soft:Thrifty
363,Thrifty,rule:thrifty
364,Thrifty,soft:Thrifty
365,Shopper,rule:shopper
366,Thrifty,rule:thrifty
367,Shopper,soft:Shopper
368,Shopper,rule:shopper
369,Commuter,rule:commuter_strict
370,Commuter,rule:commuter_strict
371,Commuter,rule:commuter_strict
372,Commuter,rule:commuter_strict
373,Commuter,rule:commuter_strict
374,Weekend,soft:Weekend
375,Commuter,rule:commuter_strict
376,Thrifty,rule:thrifty
377,Shopper,rule:shopper
378,Commuter,rule:commuter_strict
379,Shopper,rule:shopper
380,Thrifty,soft:Thrifty
381,Commuter,rule:commuter_strict
382,Thrifty,soft:Thrifty
383,Thrifty,soft:Thrifty
384,Shopper,rule:shopper
385,Thrifty,soft:Thrifty
386,Shopper,rule:shopper
387,Thrifty,rule:thrifty
388,Commuter,rule:commuter_strict
389,Thrifty,soft:Thrifty
390,Shopper,rule:shopper
391,Shopper,soft:Shopper
392,Thrifty,rule:thrifty
393,Thrifty,soft:Thrifty
394,Weekend,soft:Weekend
395,Thrifty,rule:thrifty
396,Shopper,rule:shopper
397,Shopper,rule:shopper
398,Thrifty,soft:Thrifty
399,Thrifty,soft:Thrifty
400,Weekend,soft:Weekend
401,Commuter,rule:commuter_strict
402,Shopper,rule:shopper
403,Thrifty,rule:thrifty
404,Shopper,rule:shopper
405,Thrifty,rule:thrifty
406,Shopper,soft:Shopper
407,Thrifty,soft:Thrifty
408,Commuter,rule:commuter_strict
409,Shopper,soft:Shopper
410,Commuter,rule:commuter_strict
411,Thrifty,rule:thrifty
412,Shopper,rule:shopper
413,Shopper,rule:shopper
414,Weekend,soft:Weekend
415,Thrifty,soft:Thrifty
416,Thrifty,soft:Thrifty
417,Thrifty,rule:thrifty
418,Thrifty,soft:Thrifty
419,Thrifty,soft:Thrifty
420,Weekend,soft:Weekend
421,Shopper,rule:shopper
422,Shopper,rule:shopper
423,Commuter,rule:commuter_strict
424,Thrifty,soft:Thrifty
425,Commuter,rule:commuter_strict
426,Thrifty,soft:Thrifty
427,Thrifty,soft:Thrifty
428,Shopper,rule:shopper
429,Thrifty,rule:thrifty
430,Commuter,rule:commuter_strict
431,Commuter,rule:commuter_strict
432,Weekend,soft:Weekend
433,Thrifty,soft:Thrifty
434,Commuter,rule:commuter_strict
435,Commuter,rule:commuter_strict
436,Weekend,soft:Weekend
437,Commuter,rule:commuter_strict
438,Shopper,rule:shopper
439,Weekend,soft:Weekend
440,Commuter,rule:commuter_strict
441,Commuter,rule:commuter_strict
442,Shopper,rule:shopper
443,Thrifty,rule:thrifty
444,Thrifty,rule:thrifty
445,Shopper,soft:Shopper
446,Shopper,rule:shopper
447,Shopper,soft:Shopper
448,Weekend,soft:Weekend
449,Thrifty,soft:Thrifty
450,Commuter,rule:commuter_strict
451,Thrifty,soft:Thrifty
452,Thrifty,soft:Thrifty
453,Thrifty,rule:thrifty
454,Shopper,rule:shopper
455,Commuter,rule:commuter_strict
456,Thrifty,rule:thrifty
457,Commuter,rule:commuter_strict
458,Thrifty,rule:thrifty
459,Commuter,rule:commuter_strict
460,Commuter,rule:commuter_strict
461,Commuter,rule:commuter_strict
462,Thrifty,soft:Thrifty
463,Weekend,soft:Weekend
464,Thrifty,soft:Thrifty
465,Shopper,rule:shopper
466,Thrifty,soft:Thrifty
467,Thrifty,soft:Thrifty
468,Shopper,rule:shopper
469,Commuter,rule:commuter_strict
470,Shopper,rule:shopper
471,Commuter,rule:commuter_strict
472,Shopper,rule:shopper
473,Commuter,rule:commuter_strict
474,Shopper,soft:Shopper
475,Thrifty,soft:Thrifty
476,Shopper,rule:shopper
477,Commuter,rule:commuter_strict
478,Thrifty,soft:Thrifty
479,Shopper,rule:shopper
480,Thrifty,soft:Thrifty
481,Weekend,soft:Weekend
482,Thrifty,soft:Thrifty
483,Thrifty,rule:thrifty
484,Thrifty,soft:Thrifty
485,Thrifty,soft:Thrifty
486,Shopper,rule:shopper
487,Commuter,rule:commuter_strict
488,Thrifty,soft:Thrifty
489,Shopper,rule:shopper
490,Shopper,soft:Shopper
491,Thrifty,soft:Thrifty
492,Thrifty,soft:Thrifty
493,Thrifty,soft:Thrifty
494,Commuter,rule:commuter_strict
495,Thrifty,soft:Thrifty
496,Thrifty,soft:Thrifty
497,Weekend,soft:Weekend
498,Commuter,rule:commuter_strict
499,Shopper,rule:shopper
500,Shopper,rule:shopper
501,Shopper,soft:Shopper
502,Thrifty,soft:Thrifty
503,Thrifty,soft:Thrifty
504,Shopper,rule:shopper
505,Thrifty,soft:Thrifty
506,Commuter,rule:commuter_strict
507,Shopper,rule:shopper
508,Shopper,rule:shopper
509,Shopper,rule:shopper
510,Thrifty,soft:Thrifty
511,Thrifty,soft:Thrifty
512,Thrifty,rule:thrifty
513,Shopper,rule:shopper
514,Shopper,rule:shopper
515,Commuter,rule:commuter_strict
516,Commuter,rule:commuter_strict
517,Thrifty,rule:thrifty
518,Shopper,rule:shopper
519,Shopper,rule:shopper
520,Commuter,rule:commuter_strict
521,Shopper,soft:Shopper
522,Thrifty,rule:thrifty
523,Shopper,rule:shopper
524,Shopper,rule:shopper
525,Shopper,soft:Shopper
526,Thrifty,rule:thrifty
527,Thrifty,soft:Thrifty
528,Thrifty,rule:thrifty
529,Commuter,rule:commuter_strict
530,Shopper,rule:shopper
531,Shopper,rule:shopper
532,Shopper,rule:shopper
533,Shopper,rule:shopper
534,Weekend,soft:Weekend
535,Weekend,soft:Weekend
536,Shopper,rule:shopper
537,Shopper,rule:shopper
538,Commuter,rule:commuter_strict
539,Thrifty,rule:thrifty
540,Commuter,rule:commuter_strict
541,Shopper,rule:shopper
542,Thrifty,soft:Thrifty
543,Commuter,rule:commuter_strict
544,Thrifty,soft:Thrifty
545,Thrifty,soft:Thrifty
546,Thrifty,soft:Thrifty
547,Commuter,rule:commuter_strict
548,Thrifty,soft:Thrifty
549,Thrifty,rule:thrifty
550,Weekend,soft:Weekend
551,Thrifty,rule:thrifty
552,Shopper,rule:shopper
553,Thrifty,soft:Thrifty
554,Weekend,soft:Weekend
555,Shopper,rule:shopper
556,Thrifty,soft:Thrifty
557,Commuter,rule:commuter_strict
558,Commuter,rule:commuter_strict
559,Thrifty,soft:Thrifty
560,Thrifty,soft:Thrifty
561,Thrifty,soft:Thrifty
562,Commuter,rule:commuter_strict
563,Commuter,rule:commuter_strict
564,Commuter,rule:commuter_strict
565,Thrifty,soft:Thrifty
566,Weekend,soft:Weekend
567,Thrifty,rule:thrifty
568,Thrifty,soft:Thrifty
569,Shopper,rule:shopper
570,Thrifty,rule:thrifty
571,Thrifty,rule:thrifty
572,Thrifty,soft:Thrifty
573,Thrifty,soft:Thrifty
574,Weekend,soft:Weekend
575,Shopper,rule:shopper
576,Shopper,rule:shopper
577,Commuter,rule:commuter_strict
578,Shopper,rule:shopper
579,Thrifty,rule:thrifty
580,Thrifty,soft:Thrifty
581,Thrifty,rule:thrifty
582,Shopper,rule:shopper
583,Thrifty,rule:thrifty
584,Thrifty,rule:thrifty
585,Weekend,soft:Weekend
586,Commuter,rule:commuter_strict
587,Commuter,rule:commuter_strict
588,Commuter,rule:commuter_strict
589,Commuter,rule:commuter_strict
590,Commuter,rule:commuter_strict
591,Commuter,rule:commuter_strict
592,Weekend,soft:Weekend
593,Commuter,rule:commuter_strict
594,Thrifty,rule:thrifty
595,Shopper,rule:shopper
596,Thrifty,rule:thrifty
597,Thrifty,soft:Thrifty
598,Commuter,rule:commuter_strict
599,Commuter,rule:commuter_strict
600,Commuter,rule:commuter_strict
601,Commuter,rule:commuter_strict
602,Thrifty,rule:thrifty
603,Commuter,rule:commuter_strict
604,Commuter,rule:commuter_strict
605,Commuter,rule:commuter_strict
606,Thrifty,soft:Thrifty
607,Commuter,rule:commuter_strict
608,Thrifty,soft:Thrifty
609,Thrifty,soft:Thrifty
610,Thrifty,soft:Thrifty
611,Commuter,rule:commuter_strict
612,Shopper,rule:shopper
613,Weekend,soft:Weekend
614,Commuter,rule:commuter_strict
615,Shopper,rule:shopper
616,Shopper,rule:shopper
617,Commuter,rule:commuter_strict
618,Thrifty,rule:thrifty
619,Shopper,rule:shopper
620,Weekend,soft:Weekend
621,Commuter,rule:commuter_strict
622,Commuter,rule:commuter_strict
623,Thrifty,soft:Thrifty
624,Thrifty,rule:thrifty
625,Thrifty,soft:Thrifty
626,Thrifty,rule:thrifty
627,Thrifty,rule:thrifty
628,Thrifty,soft:Thrifty
629,Commuter,rule:commuter_strict
630,Commuter,rule:commuter_strict
631,Weekend,soft:Weekend
632,Shopper,rule:shopper
633,Thrifty,soft:Thrifty
634,Thrifty,soft:Thrifty
635,Commuter,rule:commuter_strict
636,Thrifty,rule:thrifty
637,Thrifty,soft:Thrifty
638,Commuter,rule:commuter_strict
639,Thrifty,rule:thrifty
640,Thrifty,rule:thrifty
641,Commuter,rule:commuter_strict
642,Thrifty,soft:Thrifty
643,Commuter,rule:commuter_strict
644,Thrifty,rule:thrifty
645,Commuter,rule:commuter_strict
646,Shopper,rule:shopper
647,Weekend,soft:Weekend
648,Thrifty,soft:Thrifty
649,Shopper,rule:shopper
650,Thrifty,rule:thrifty
651,Commuter,rule:commuter_strict
652,Thrifty,soft:Thrifty
653,Thrifty,soft:Thrifty
654,Thrifty,soft:Thrifty
655,Thrifty,rule:thrifty
656,Commuter,rule:commuter_strict
657,Thrifty,rule:thrifty
658,Thrifty,rule:thrifty
659,Thrifty,soft:Thrifty
660,Thrifty,soft:Thrifty
661,Thrifty,soft:Thrifty
662,Shopper,soft:Shopper
663,Weekend,soft:Weekend
664,Commuter,rule:commuter_strict
665,Commuter,rule:commuter_strict
666,Commuter,rule:commuter_strict
667,Commuter,rule:commuter_strict
668,Commuter,rule:commuter_strict
669,Commuter,rule:commuter_strict
670,Thrifty,soft:Thrifty
671,Commuter,rule:commuter_strict
672,Shopper,rule:shopper
673,Commuter,rule:commuter_strict
674,Thrifty,soft:Thrifty
675,Thrifty,rule:thrifty
676,Shopper,rule:shopper
677,Commuter,rule:commuter_strict
678,Thrifty,rule:thrifty
679,Shopper,soft:Shopper
680,Shopper,rule:shopper
681,Shopper,rule:shopper
682,Thrifty,soft:Thrifty
683,Commuter,rule:commuter_strict
684,Weekend,soft:Weekend
685,Shopper,rule:shopper
686,Thrifty,soft:Thrifty
687,Thrifty,soft:Thrifty
688,Thrifty,soft:Thrifty
689,Thrifty,soft:Thrifty
690,Commuter,rule:commuter_strict
691,Thrifty,rule:thrifty
692,Thrifty,rule:thrifty
693,Thrifty,rule:thrifty
694,Commuter,rule:commuter_strict
695,Commuter,rule:commuter_strict
696,Thrifty,soft:Thrifty
697,Thrifty,rule:thrifty
698,Thrifty,soft:Thrifty
699,Commuter,rule:commuter_strict
700,Thrifty,soft:Thrifty
701,Thrifty,soft:Thrifty
702,Commuter,rule:commuter_strict
703,Thrifty,rule:thrifty
704,Commuter,rule:commuter_strict
705,Commuter,rule:commuter_strict
706,Shopper,rule:shopper
707,Thrifty,rule:thrifty
708,Shopper,soft:Shopper
709,Commuter,rule:commuter_strict
710,Thrifty,soft:Thrifty
711,Thrifty,soft:Thrifty
712,Weekend,soft:Weekend
713,Thrifty,soft:Thrifty
714,Thrifty,rule:thrifty
715,Thrifty,soft:Thrifty
716,Shopper,rule:shopper
717,Shopper,rule:shopper
718,Shopper,rule:shopper
719,Commuter,rule:commuter_strict
720,Thrifty,soft:Thrifty
721,Shopper,rule:shopper
722,Commuter,rule:commuter_strict
723,Commuter,rule:commuter_strict
724,Thrifty,soft:Thrifty
725,Thrifty,soft:Thrifty
726,Shopper,rule:shopper
727,Commuter,rule:commuter_strict
728,Shopper,rule:shopper
729,Commuter,rule:commuter_strict
730,Commuter,rule:commuter_strict
731,Commuter,rule:commuter_strict
732,Shopper,rule:shopper
733,Thrifty,soft:Thrifty
734,Thrifty,soft:Thrifty
735,Thrifty,rule:thrifty
736,Shopper,soft:Shopper
737,Thrifty,rule:thrifty
738,Shopper,rule:shopper
739,Thrifty,soft:Thrifty
740,Thrifty,rule:thrifty
741,Thrifty,soft:Thrifty
742,Thrifty,rule:thrifty
743,Thrifty,soft:Thrifty
744,Thrifty,rule:thrifty
745,Commuter,rule:commuter_strict
746,Shopper,rule:shopper
747,Thrifty,rule:thrifty
748,Weekend,soft:Weekend
749,Shopper,rule:shopper
750,Weekend,soft:Weekend
751,Commuter,rule:commuter_strict
752,Shopper,rule:shopper
753,Thrifty,soft:Thrifty
754,Thrifty,rule:thrifty
755,Commuter,rule:commuter_strict
756,Shopper,rule:shopper
757,Thrifty,soft:Thrifty
758,Thrifty,soft:Thrifty
759,Shopper,soft:Shopper
760,Shopper,rule:shopper
761,Commuter,rule:commuter_strict
762,Thrifty,soft:Thrifty
763,Commuter,rule:commuter_strict
764,Thrifty,soft:Thrifty
765,Commuter,rule:commuter_strict
766,Thrifty,soft:Thrifty
767,Thrifty,soft:Thrifty
768,Shopper,rule:shopper
769,Thrifty,rule:thrifty
770,Shopper,rule:shopper
771,Commuter,rule:commuter_strict
772,Shopper,rule:shopper
773,Commuter,rule:commuter_strict
774,Thrifty,rule:thrifty
775,Shopper,rule:shopper
776,Commuter,rule:commuter_strict
777,Commuter,rule:commuter_strict
778,Thrifty,soft:Thrifty
779,Weekend,soft:Weekend
780,Thrifty,soft:Thrifty
781,Thrifty,soft:Thrifty
782,Thrifty,soft:Thrifty
783,Commuter,rule:commuter_strict
784,Thrifty,rule:thrifty
785,Commuter,rule:commuter_strict
786,Shopper,rule:shopper
787,Thrifty,soft:Thrifty
788,Thrifty,rule:thrifty
789,Thrifty,rule:thrifty
790,Shopper,rule:shopper
791,Commuter,rule:commuter_strict
792,Weekend,soft:Weekend
793,Thrifty,rule:thrifty
794,Weekend,soft:Weekend
795,Commuter,rule:commuter_strict
796,Shopper,rule:shopper
797,Shopper,rule:shopper
798,Weekend,soft:Weekend
799,Thrifty,soft:Thrifty
800,Shopper,rule:shopper
801,Thrifty,soft:Thrifty
802,Commuter,rule:commuter_strict
803,Thrifty,soft:Thrifty
804,Thrifty,soft:Thrifty
805,Thrifty,soft:Thrifty
806,Shopper,soft:Shopper
807,Shopper,rule:shopper
808,Shopper,rule:shopper
809,Thrifty,rule:thrifty
810,Commuter,rule:commuter_strict
811,Shopper,rule:shopper
812,Shopper,rule:shopper
813,Commuter,rule:commuter_strict
814,Shopper,rule:shopper
815,Shopper,rule:shopper
816,Thrifty,rule:thrifty
817,Thrifty,soft:Thrifty
818,Thrifty,rule:thrifty
819,Commuter,rule:commuter_strict
820,Thrifty,rule:thrifty
821,Shopper,rule:shopper
822,Commuter,rule:commuter_strict
823,Thrifty,soft:Thrifty
824,Thrifty,soft:Thrifty
825,Weekend,soft:Weekend
826,Shopper,rule:shopper
827,Thrifty,soft:Thrifty
828,Thrifty,soft:Thrifty
829,Weekend,soft:Weekend
830,Thrifty,rule:thrifty
831,Commuter,rule:commuter_strict
832,Thrifty,rule:thrifty
833,Commuter,rule:commuter_strict
834,Commuter,rule:commuter_strict
835,Thrifty,rule:thrifty
836,Thrifty,rule:thrifty
837,Shopper,rule:shopper
838,Thrifty,rule:thrifty
839,Thrifty,soft:Thrifty
840,Thrifty,soft:Thrifty
841,Commuter,rule:commuter_strict
842,Thrifty,soft:Thrifty
843,Commuter,rule:commuter_strict
844,Shopper,soft:Shopper
845,Commuter,rule:commuter_strict
846,Thrifty,rule:thrifty
847,Commuter,rule:commuter_strict
848,Shopper,rule:shopper
849,Thrifty,rule:thrifty
850,Thrifty,soft:Thrifty
851,Commuter,rule:commuter_strict
852,Thrifty,soft:Thrifty
853,Commuter,rule:commuter_strict
854,Shopper,rule:shopper
855,Commuter,rule:commuter_strict
856,Commuter,rule:commuter_strict
857,Commuter,rule:commuter_strict
858,Thrifty,soft:Thrifty
859,Weekend,soft:Weekend
860,Commuter,rule:commuter_strict
861,Thrifty,soft:Thrifty
862,Thrifty,soft:Thrifty
863,Weekend,soft:Weekend
864,Thrifty,rule:thrifty
865,Thrifty,rule:thrifty
866,Weekend,soft:Weekend
867,Commuter,rule:commuter_strict
868,Commuter,rule:commuter_strict
869,Shopper,rule:shopper
870,Shopper,rule:shopper
871,Thrifty,soft:Thrifty
872,Thrifty,rule:thrifty
873,Shopper,soft:Shopper
874,Thrifty,rule:thrifty
875,Commuter,rule:commuter_strict
876,Commuter,rule:commuter_strict
877,Thrifty,soft:Thrifty
878,Thrifty,soft:Thrifty
879,Commuter,rule:commuter_strict
880,Commuter,rule:commuter_strict
881,Commuter,rule:commuter_strict
882,Thrifty,soft:Thrifty
883,Commuter,rule:commuter_strict
884,Commuter,rule:commuter_strict
885,Shopper,rule:shopper
886,Commuter,rule:commuter_strict
887,Weekend,soft:Weekend
888,Commuter,rule:commuter_strict
889,Commuter,rule:commuter_strict
890,Commuter,rule:commuter_strict
891,Weekend,soft:Weekend
892,Shopper,rule:shopper
893,Shopper,rule:shopper
894,Thrifty,soft:Thrifty
895,Thrifty,soft:Thrifty
896,Commuter,rule:commuter_strict
897,Thrifty,rule:thrifty
898,Shopper,rule:shopper
899,Commuter,rule:commuter_strict
900,Commuter,rule:commuter_strict
901,Commuter,rule:commuter_strict
902,Commuter,rule:commuter_strict
903,Commuter,rule:commuter_strict
904,Weekend,soft:Weekend
905,Thrifty,rule:thrifty
906,Shopper,rule:shopper
907,Shopper,rule:shopper
908,Thrifty,soft:Thrifty
909,Thrifty,rule:thrifty
910,Thrifty,rule:thrifty
911,Weekend,soft:Weekend
912,Thrifty,rule:thrifty
913,Thrifty,soft:Thrifty
914,Thrifty,soft:Thrifty
915,Weekend,soft:Weekend
916,Thrifty,rule:thrifty
917,Thrifty,rule:thrifty
918,Shopper,soft:Shopper
919,Thrifty,soft:Thrifty
920,Commuter,rule:commuter_strict
921,Shopper,rule:shopper
922,Thrifty,soft:Thrifty
923,Shopper,rule:shopper
924,Shopper,rule:shopper
925,Thrifty,rule:thrifty
926,Commuter,rule:commuter_strict
927,Thrifty,rule:thrifty
928,Thrifty,soft:Thrifty
929,Thrifty,soft:Thrifty
930,Thrifty,rule:thrifty
931,Commuter,rule:commuter_strict
932,Shopper,rule:shopper
933,Shopper,rule:shopper
934,Weekend,soft:Weekend
935,Commuter,rule:commuter_strict
936,Thrifty,soft:Thrifty
937,Commuter,rule:commuter_strict
938,Shopper,rule:shopper
939,Commuter,rule:commuter_strict
940,Thrifty,soft:Thrifty
941,Thrifty,rule:thrifty
942,Thrifty,soft:Thrifty
943,Thrifty,soft:Thrifty
944,Shopper,soft:Shopper
945,Commuter,rule:commuter_strict
946,Commuter,rule:commuter_strict
947,Commuter,rule:commuter_strict
948,Shopper,rule:shopper
949,Shopper,rule:shopper
950,Thrifty,soft:Thrifty
951,Thrifty,soft:Thrifty
952,Thrifty,soft:Thrifty
953,Commuter,rule:commuter_strict
954,Shopper,rule:shopper
955,Thrifty,rule:thrifty
956,Thrifty,soft:Thrifty
957,Thrifty,rule:thrifty
958,Commuter,rule:commuter_strict
959,Commuter,rule:commuter_strict
960,Thrifty,soft:Thrifty
961,Commuter,rule:commuter_strict
962,Weekend,soft:Weekend
963,Commuter,rule:commuter_strict
964,Thrifty,rule:thrifty
965,Thrifty,rule:thrifty
966,Thrifty,soft:Thrifty
967,Weekend,soft:Weekend
968,Thrifty,soft:Thrifty
969,Weekend,soft:Weekend
970,Thrifty,soft:Thrifty
971,Thrifty,soft:Thrifty
972,Shopper,rule:shopper
973,Weekend,soft:Weekend
974,Commuter,rule:commuter_strict
975,Commuter,rule:commuter_strict
976,Thrifty,rule:thrifty
977,Thrifty,soft:Thrifty
978,Commuter,rule:commuter_strict
979,Thrifty,soft:Thrifty
980,Thrifty,soft:Thrifty
981,Thrifty,soft:Thrifty
982,Thrifty,soft:Thrifty
983,Commuter,rule:commuter_strict
984,Commuter,rule:commuter_strict
985,Thrifty,soft:Thrifty
986,Thrifty,rule:thrifty
987,Thrifty,soft:Thrifty
988,Thrifty,soft:Thrifty
989,Commuter,rule:commuter_strict
990,Shopper,rule:shopper
991,Shopper,rule:shopper
992,Thrifty,soft:Thrifty
993,Thrifty,rule:thrifty
994,Thrifty,soft:Thrifty
995,Thrifty,rule:thrifty
996,Commuter,rule:commuter_strict
997,Shopper,rule:shopper
998,Commuter,rule:commuter_strict
999,Shopper,rule:shopper
1000,Thrifty,rule:thrifty
1001,Commuter,rule:commuter_strict
1002,Weekend,soft:Weekend
1003,Shopper,rule:shopper
1004,Weekend,soft:Weekend
1005,Shopper,rule:shopper
1006,Weekend,soft:Weekend
1007,Thrifty,soft:Thrifty
1008,Shopper,rule:shopper
1009,Commuter,rule:commuter_strict
1010,Thrifty,rule:thrifty
1011,Commuter,rule:commuter_strict
1012,Shopper,rule:shopper
1013,Shopper,soft:Shopper
1014,Commuter,rule:commuter_strict
1015,Weekend,soft:Weekend
1016,Shopper,rule:shopper
1017,Commuter,rule:commuter_strict
1018,Thrifty,soft:Thrifty
1019,Shopper,rule:shopper
1020,Commuter,rule:commuter_strict
1021,Weekend,soft:Weekend
1022,Thrifty,rule:thrifty
1023,Shopper,rule:shopper
1024,Shopper,rule:shopper
1025,Shopper,rule:shopper
1026,Thrifty,rule:thrifty
1027,Shopper,rule:shopper
1028,Shopper,rule:shopper
1029,Thrifty,rule:thrifty
1030,Shopper,rule:shopper
1031,Commuter,rule:commuter_strict
1032,Thrifty,soft:Thrifty
1033,Commuter,rule:commuter_strict
1034,Commuter,rule:commuter_strict
1035,Commuter,rule:commuter_strict
1036,Thrifty,soft:Thrifty
1037,Thrifty,rule:thrifty
1038,Thrifty,soft:Thrifty
1039,Commuter,rule:commuter_strict
1040,Thrifty,soft:Thrifty
1041,Weekend,soft:Weekend
1042,Shopper,rule:shopper
1043,Thrifty,rule:thrifty
1044,Thrifty,soft:Thrifty
1045,Shopper,rule:shopper
1046,Weekend,soft:Weekend
1047,Commuter,rule:commuter_strict
1048,Commuter,rule:commuter_strict
1049,Shopper,rule:shopper
1050,Commuter,rule:commuter_strict
1051,Shopper,rule:shopper
1052,Thrifty,soft:Thrifty
1053,Shopper,rule:shopper
1054,Shopper,rule:shopper
1055,Shopper,rule:shopper
1056,Thrifty,soft:Thrifty
1057,Thrifty,soft:Thrifty
1058,Thrifty,rule:thrifty
1059,Thrifty,rule:thrifty
1060,Thrifty,soft:Thrifty
1061,Shopper,rule:shopper
1062,Shopper,rule:shopper
1063,Weekend,soft:Weekend
1064,Thrifty,rule:thrifty
1065,Thrifty,rule:thrifty
1066,Weekend,soft:Weekend
1067,Commuter,rule:commuter_strict
1068,Commuter,rule:commuter_strict
1069,Thrifty,soft:Thrifty
1070,Thrifty,rule:thrifty
1071,Thrifty,rule:thrifty
1072,Commuter,rule:commuter_strict
1073,Commuter,rule:commuter_strict
1074,Commuter,rule:commuter_strict
1075,Shopper,rule:shopper
1076,Thrifty,rule:thrifty
1077,Thrifty,rule:thrifty
1078,Weekend,soft:Weekend
1079,Commuter,rule:commuter_strict
1080,Shopper,rule:shopper
1081,Thrifty,soft:Thrifty
1082,Commuter,rule:commuter_strict
1083,Thrifty,rule:thrifty
1084,Shopper,rule:shopper
1085,Shopper,rule:shopper
1086,Thrifty,soft:Thrifty
1087,Weekend,soft:Weekend
1088,Commuter,rule:commuter_strict
1089,Shopper,rule:shopper
1090,Commuter,rule:commuter_strict
1091,Shopper,rule:shopper
1092,Weekend,soft:Weekend
1093,Thrifty,soft:Thrifty
1094,Thrifty,soft:Thrifty
1095,Commuter,rule:commuter_strict
1096,Commuter,rule:commuter_strict
1097,Commuter,rule:commuter_strict
1098,Commuter,rule:commuter_strict
1099,Thrifty,soft:Thrifty
1100,Thrifty,soft:Thrifty
1101,Commuter,rule:commuter_strict
1102,Shopper,rule:shopper
1103,Shopper,soft:Shopper
1104,Shopper,rule:shopper
1105,Shopper,rule:shopper
1106,Commuter,rule:commuter_strict
1107,Thrifty,rule:thrifty
1108,Thrifty,soft:Thrifty
1109,Thrifty,soft:Thrifty
1110,Commuter,rule:commuter_strict
1111,Shopper,rule:shopper
1112,Commuter,rule:commuter_strict
1113,Commuter,rule:commuter_strict
1114,Thrifty,soft:Thrifty
1115,Thrifty,soft:Thrifty
1116,Weekend,soft:Weekend
1117,Commuter,rule:commuter_strict
1118,Shopper,rule:shopper
1119,Thrifty,soft:Thrifty
1120,Commuter,rule:commuter_strict
1121,Shopper,rule:shopper
1122,Shopper,rule:shopper
1123,Shopper,rule:shopper
1124,Shopper,rule:shopper
1125,Weekend,soft:Weekend
1126,Thrifty,soft:Thrifty
1127,Commuter,rule:commuter_strict
1128,Thrifty,rule:thrifty
1129,Thrifty,rule:thrifty
1130,Thrifty,soft:Thrifty
1131,Thrifty,soft:Thrifty
1132,Thrifty,soft:Thrifty
1133,Commuter,rule:commuter_strict
1134,Commuter,rule:commuter_strict
1135,Thrifty,soft:Thrifty
1136,Commuter,rule:commuter_strict
1137,Shopper,rule:shopper
1138,Thrifty,soft:Thrifty
1139,Thrifty,soft:Thrifty
1140,Thrifty,soft:Thrifty
1141,Shopper,rule:shopper
1142,Thrifty,rule:thrifty
1143,Weekend,soft:Weekend
1144,Thrifty,soft:Thrifty
1145,Thrifty,rule:thrifty
1146,Shopper,rule:shopper
1147,Shopper,rule:shopper
1148,Thrifty,soft:Thrifty
1149,Shopper,rule:shopper
1150,Shopper,rule:shopper
1151,Thrifty,soft:Thrifty
1152,Shopper,rule:shopper
1153,Thrifty,soft:Thrifty
1154,Thrifty,soft:Thrifty
1155,Thrifty,soft:Thrifty
1156,Thrifty,soft:Thrifty
1157,Commuter,rule:commuter_strict
1158,Shopper,rule:shopper
1159,Shopper,soft:Shopper
1160,Commuter,rule:commuter_strict
1161,Shopper,rule:shopper
1162,Commuter,rule:commuter_strict
1163,Thrifty,rule:thrifty
1164,Weekend,soft:Weekend
1165,Commuter,rule:commuter_strict
1166,Shopper,rule:shopper
1167,Shopper,rule:shopper
1168,Thrifty,rule:thrifty
1169,Commuter,rule:commuter_strict
1170,Thrifty,rule:thrifty
1171,Weekend,soft:Weekend
1172,Shopper,rule:shopper
1173,Weekend,soft:Weekend
1174,Thrifty,rule:thrifty
1175,Thrifty,soft:Thrifty
1176,Weekend,soft:Weekend
1177,Thrifty,soft:Thrifty
1178,Commuter,rule:commuter_strict
1179,Thrifty,soft:Thrifty
1180,Thrifty,soft:Thrifty
1181,Shopper,rule:shopper
1182,Thrifty,soft:Thrifty
1183,Thrifty,soft:Thrifty
1184,Shopper,rule:shopper
1185,Commuter,rule:commuter_strict
1186,Shopper,soft:Shopper
1187,Thrifty,soft:Thrifty
1188,Commuter,rule:commuter_strict
1189,Thrifty,soft:Thrifty
1190,Thrifty,soft:Thrifty
1191,Commuter,rule:commuter_strict
1192,Weekend,soft:Weekend
1193,Thrifty,soft:Thrifty
1194,Thrifty,soft:Thrifty
1195,Commuter,rule:commuter_strict
1196,Shopper,rule:shopper
1197,Shopper,rule:shopper
1198,Shopper,rule:shopper
1199,Thrifty,soft:Thrifty
1200,Commuter,rule:commuter_strict
1201,Weekend,soft:Weekend
1202,Commuter,rule:commuter_strict
1203,Commuter,rule:commuter_strict
1204,Thrifty,rule:thrifty
1205,Thrifty,rule:thrifty
1206,Weekend,soft:Weekend
1207,Weekend,soft:Weekend
1208,Thrifty,soft:Thrifty
1209,Thrifty,rule:thrifty
1210,Shopper,soft:Shopper
1211,Thrifty,soft:Thrifty
1212,Thrifty,rule:thrifty
1213,Commuter,rule:commuter_strict
1214,Shopper,soft:Shopper
1215,Thrifty,soft:Thrifty
1216,Commuter,rule:commuter_strict
1217,Commuter,rule:commuter_strict
1218,Thrifty,soft:Thrifty
1219,Thrifty,soft:Thrifty
1220,Thrifty,soft:Thrifty
1221,Shopper,rule:shopper
1222,Commuter,rule:commuter_strict
1223,Thrifty,soft:Thrifty
1224,Shopper,rule:shopper
1225,Thrifty,rule:thrifty
1226,Thrifty,soft:Thrifty
1227,Thrifty,soft:Thrifty
1228,Thrifty,rule:thrifty
1229,Shopper,rule:shopper
1230,Thrifty,soft:Thrifty
1231,Shopper,rule:shopper
1232,Commuter,rule:commuter_strict
1233,Commuter,rule:commuter_strict
1234,Commuter,rule:commuter_strict
1235,Weekend,soft:Weekend
1236,Thrifty,rule:thrifty
1237,Shopper,rule:shopper
1238,Thrifty,rule:thrifty
1239,Shopper,rule:shopper
1240,Commuter,rule:commuter_strict
1241,Shopper,rule:shopper
1242,Thrifty,soft:Thrifty
1243,Weekend,soft:Weekend
1244,Shopper,rule:shopper
1245,Weekend,soft:Weekend
1246,Thrifty,soft:Thrifty
1247,Commuter,rule:commuter_strict
1248,Commuter,rule:commuter_strict
1249,Shopper,rule:shopper
1250,Thrifty,soft:Thrifty
1251,Shopper,rule:shopper
1252,Thrifty,rule:thrifty
1253,Commuter,rule:commuter_strict
1254,Commuter,rule:commuter_strict
1255,Thrifty,soft:Thrifty
1256,Thrifty,rule:thrifty
1257,Commuter,rule:commuter_strict
1258,Thrifty,soft:Thrifty
1259,Commuter,rule:commuter_strict
1260,Weekend,soft:Weekend
1261,Thrifty,soft:Thrifty
1262,Shopper,rule:shopper
1263,Thrifty,rule:thrifty
1264,Thrifty,rule:thrifty
1265,Commuter,rule:commuter_strict
1266,Commuter,rule:commuter_strict
1267,Thrifty,rule:thrifty
1268,Thrifty,rule:thrifty
1269,Thrifty,soft:Thrifty
1270,Thrifty,rule:thrifty
1271,Weekend,soft:Weekend
1272,Shopper,rule:shopper
1273,Thrifty,soft:Thrifty
1274,Commuter,rule:commuter_strict
1275,Thrifty,rule:thrifty
1276,Commuter,rule:commuter_strict
1277,Commuter,rule:commuter_strict
1278,Shopper,rule:shopper
1279,Commuter,rule:commuter_strict
1280,Thrifty,rule:thrifty
1281,Thrifty,soft:Thrifty
1282,Weekend,soft:Weekend
1283,Weekend,soft:Weekend
1284,Commuter,rule:commuter_strict
1285,Thrifty,rule:thrifty
1286,Thrifty,rule:thrifty
1287,Commuter,rule:commuter_strict
1288,Thrifty,rule:thrifty
1289,Commuter,rule:commuter_strict
1290,Commuter,rule:commuter_strict
1291,Thrifty,soft:Thrifty
1292,Commuter,rule:commuter_strict
1293,Thrifty,soft:Thrifty
1294,Thrifty,soft:Thrifty
1295,Shopper,soft:Shopper
1296,Commuter,rule:commuter_strict
1297,Commuter,rule:commuter_strict
1298,Commuter,rule:commuter_strict
1299,Thrifty,soft:Thrifty
1300,Thrifty,soft:Thrifty
1301,Commuter,rule:commuter_strict
1302,Shopper,rule:shopper
1303,Commuter,rule:commuter_strict
1304,Weekend,soft:Weekend
1305,Thrifty,soft:Thrifty
1306,Shopper,rule:shopper
1307,Weekend,soft:Weekend
1308,Shopper,rule:shopper
1309,Thrifty,soft:Thrifty
1310,Shopper,rule:shopper
1311,Commuter,rule:commuter_strict
1312,Shopper,rule:shopper
1313,Thrifty,soft:Thrifty
1314,Shopper,rule:shopper
1315,Thrifty,rule:thrifty
1316,Thrifty,soft:Thrifty
1317,Thrifty,soft:Thrifty
1318,Thrifty,soft:Thrifty
1319,Commuter,rule:commuter_strict
1320,Commuter,rule:commuter_strict
1321,Commuter,rule:commuter_strict
1322,Commuter,rule:commuter_strict
1323,Shopper,rule:shopper
1324,Commuter,rule:commuter_strict
1325,Shopper,rule:shopper
1326,Thrifty,soft:Thrifty
1327,Commuter,rule:commuter_strict
1328,Shopper,rule:shopper
1329,Thrifty,soft:Thrifty
1330,Thrifty,soft:Thrifty
1331,Thrifty,soft:Thrifty
1332,Thrifty,soft:Thrifty
1333,Commuter,rule:commuter_strict
1334,Shopper,rule:shopper
1335,Shopper,rule:shopper
1336,Thrifty,soft:Thrifty
1337,Commuter,rule:commuter_strict
1338,Thrifty,soft:Thrifty
1339,Commuter,rule:commuter_strict
1340,Commuter,rule:commuter_strict
1341,Thrifty,rule:thrifty
1342,Thrifty,rule:thrifty
1343,Shopper,rule:shopper
1344,Weekend,soft:Weekend
1345,Weekend,soft:Weekend
1346,Thrifty,rule:thrifty
1347,Thrifty,rule:thrifty
1348,Thrifty,rule:thrifty
1349,Shopper,rule:shopper
1350,Commuter,rule:commuter_strict
1351,Shopper,rule:shopper
1352,Thrifty,soft:Thrifty
1353,Thrifty,soft:Thrifty
1354,Thrifty,soft:Thrifty
1355,Thrifty,soft:Thrifty
1356,Shopper,rule:shopper
1357,Shopper,rule:shopper
1358,Thrifty,soft:Thrifty
1359,Thrifty,rule:thrifty
1360,Thrifty,soft:Thrifty
1361,Shopper,soft:Shopper
1362,Commuter,rule:commuter_strict
1363,Thrifty,soft:Thrifty
1364,Weekend,soft:Weekend
1365,Thrifty,soft:Thrifty
1366,Commuter,rule:commuter_strict
1367,Thrifty,soft:Thrifty
1368,Shopper,rule:shopper
1369,Commuter,rule:commuter_strict
1370,Commuter,rule:commuter_strict
1371,Shopper,rule:shopper
1372,Commuter,rule:commuter_strict
1373,Shopper,rule:shopper
1374,Thrifty,rule:thrifty
1375,Commuter,rule:commuter_strict
1376,Shopper,soft:Shopper
1377,Thrifty,rule:thrifty
1378,Thrifty,soft:Thrifty
1379,Thrifty,rule:thrifty
1380,Thrifty,soft:Thrifty
1381,Commuter,rule:commuter_strict
1382,Thrifty,rule:thrifty
1383,Shopper,rule:shopper
1384,Thrifty,soft:Thrifty
1385,Thrifty,soft:Thrifty
1386,Thrifty,rule:thrifty
1387,Weekend,soft:Weekend
1388,Commuter,rule:commuter_strict
1389,Shopper,rule:shopper
1390,Thrifty,rule:thrifty
1391,Commuter,rule:commuter_strict
1392,Commuter,rule:commuter_strict
1393,Commuter,rule:commuter_strict
1394,Thrifty,soft:Thrifty
1395,Thrifty,rule:thrifty
1396,Shopper,rule:shopper
1397,Thrifty,rule:thrifty
1398,Commuter,rule:commuter_strict
1399,Thrifty,soft:Thrifty
1400,Thrifty,soft:Thrifty
1401,Commuter,rule:commuter_strict
1402,Commuter,rule:commuter_strict
1403,Commuter,rule:commuter_strict
1404,Thrifty,soft:Thrifty
1405,Thrifty,soft:Thrifty
1406,Thrifty,rule:thrifty
1407,Shopper,soft:Shopper
1408,Shopper,rule:shopper
1409,Thrifty,soft:Thrifty
1410,Shopper,rule:shopper
1411,Commuter,rule:commuter_strict
1412,Commuter,rule:commuter_strict
1413,Thrifty,rule:thrifty
1414,Commuter,rule:commuter_strict
1415,Thrifty,soft:Thrifty
1416,Shopper,rule:shopper
1417,Commuter,rule:commuter_strict
1418,Commuter,rule:commuter_strict
1419,Thrifty,rule:thrifty
1420,Shopper,rule:shopper
1421,Thrifty,rule:thrifty
1422,Thrifty,rule:thrifty
1423,Commuter,rule:commuter_strict
1424,Commuter,rule:commuter_strict
1425,Shopper,rule:shopper
1426,Shopper,rule:shopper
1427,Commuter,rule:commuter_strict
1428,Shopper,rule:shopper
1429,Weekend,soft:Weekend
1430,Shopper,rule:shopper
1431,Thrifty,soft:Thrifty
1432,Thrifty,rule:thrifty
1433,Thrifty,soft:Thrifty
1434,Thrifty,soft:Thrifty
1435,Commuter,rule:commuter_strict
1436,Commuter,rule:commuter_strict
1437,Thrifty,soft:Thrifty
1438,Thrifty,soft:Thrifty
1439,Commuter,rule:commuter_strict
1440,Weekend,soft:Weekend
1441,Shopper,rule:shopper
1442,Commuter,rule:commuter_strict
1443,Thrifty,soft:Thrifty
1444,Thrifty,rule:thrifty
1445,Shopper,rule:shopper
1446,Commuter,rule:commuter_strict
1447,Thrifty,soft:Thrifty
1448,Shopper,rule:shopper
1449,Shopper,rule:shopper
1450,Thrifty,soft:Thrifty
1451,Thrifty,rule:thrifty
1452,Thrifty,soft:Thrifty
1453,Shopper,soft:Shopper
1454,Thrifty,soft:Thrifty
1455,Commuter,rule:commuter_strict
1456,Shopper,rule:shopper
1457,Thrifty,soft:Thrifty
1458,Weekend,soft:Weekend
1459,Commuter,rule:commuter_strict
1460,Weekend,soft:Weekend
1461,Thrifty,rule:thrifty
1462,Thrifty,soft:Thrifty
1463,Commuter,rule:commuter_strict
1464,Weekend,soft:Weekend
1465,Shopper,rule:shopper
1466,Commuter,rule:commuter_strict
1467,Shopper,soft:Shopper
1468,Thrifty,rule:thrifty
1469,Shopper,soft:Shopper
1470,Weekend,soft:Weekend
1471,Thrifty,soft:Thrifty
1472,Thrifty,soft:Thrifty
1473,Shopper,rule:shopper
1474,Thrifty,soft:Thrifty
1475,Thrifty,soft:Thrifty
1476,Thrifty,soft:Thrifty
1477,Shopper,rule:shopper
1478,Thrifty,soft:Thrifty
1479,Shopper,rule:shopper
1480,Thrifty,rule:thrifty
1481,Shopper,rule:shopper
1482,Commuter,rule:commuter_strict
1483,Weekend,soft:Weekend
1484,Commuter,rule:commuter_strict
1485,Thrifty,rule:thrifty
1486,Thrifty,rule:thrifty
1487,Thrifty,soft:Thrifty
1488,Thrifty,soft:Thrifty
1489,Thrifty,rule:thrifty
1490,Thrifty,rule:thrifty
1491,Commuter,rule:commuter_strict
1492,Thrifty,rule:thrifty
1493,Commuter,rule:commuter_strict
1494,Commuter,rule:commuter_strict
1495,Thrifty,soft:Thrifty
1496,Thrifty,soft:Thrifty
1497,Weekend,soft:Weekend
1498,Thrifty,rule:thrifty
1499,Thrifty,rule:thrifty
1500,Shopper,rule:shopper
1501,Thrifty,rule:thrifty
1502,Thrifty,soft:Thrifty
1503,Commuter,rule:commuter_strict
1504,Thrifty,rule:thrifty
1505,Thrifty,soft:Thrifty
1506,Thrifty,rule:thrifty
1507,Thrifty,soft:Thrifty
1508,Thrifty,soft:Thrifty
1509,Thrifty,soft:Thrifty
1510,Thrifty,soft:Thrifty
1511,Shopper,rule:shopper
1512,Weekend,soft:Weekend
1513,Shopper,rule:shopper
1514,Commuter,rule:commuter_strict
1515,Commuter,rule:commuter_strict
1516,Commuter,rule:commuter_strict
1517,Thrifty,soft:Thrifty
1518,Shopper,soft:Shopper
1519,Commuter,rule:commuter_strict
1520,Shopper,rule:shopper
1521,Commuter,rule:commuter_strict
1522,Shopper,rule:shopper
1523,Thrifty,rule:thrifty
1524,Commuter,rule:commuter_strict
1525,Thrifty,soft:Thrifty
1526,Thrifty,rule:thrifty
1527,Thrifty,rule:thrifty
1528,Thrifty,rule:thrifty
1529,Shopper,soft:Shopper
1530,Thrifty,soft:Thrifty
1531,Thrifty,soft:Thrifty
1532,Thrifty,soft:Thrifty
1533,Thrifty,soft:Thrifty
1534,Thrifty,soft:Thrifty
1535,Thrifty,soft:Thrifty
1536,Commuter,rule:commuter_strict
1537,Commuter,rule:commuter_strict
1538,Weekend,soft:Weekend
1539,Commuter,rule:commuter_strict
1540,Weekend,soft:Weekend
1541,Thrifty,soft:Thrifty
1542,Commuter,rule:commuter_strict
1543,Thrifty,soft:Thrifty
1544,Thrifty,soft:Thrifty
1545,Shopper,rule:shopper
1546,Thrifty,rule:thrifty
1547,Shopper,rule:shopper
1548,Weekend,soft:Weekend
1549,Commuter,rule:commuter_strict
1550,Thrifty,soft:Thrifty
1551,Shopper,rule:shopper
1552,Thrifty,soft:Thrifty
1553,Shopper,rule:shopper
1554,Shopper,rule:shopper
1555,Commuter,rule:commuter_strict
1556,Commuter,rule:commuter_strict
1557,Thrifty,soft:Thrifty
1558,Thrifty,soft:Thrifty
1559,Shopper,soft:Shopper
1560,Shopper,rule:shopper
1561,Thrifty,rule:thrifty
1562,Commuter,rule:commuter_strict
1563,Weekend,soft:Weekend
1564,Thrifty,rule:thrifty
1565,Shopper,rule:shopper
1566,Thrifty,rule:thrifty
1567,Weekend,soft:Weekend
1568,Commuter,rule:commuter_strict
1569,Weekend,soft:Weekend
1570,Thrifty,rule:thrifty
1571,Thrifty,soft:Thrifty
1572,Commuter,rule:commuter_strict
1573,Weekend,soft:Weekend
1574,Shopper,rule:shopper
1575,Commuter,rule:commuter_strict
1576,Commuter,rule:commuter_strict
1577,Commuter,rule:commuter_strict
1578,Thrifty,soft:Thrifty
1579,Thrifty,soft:Thrifty
1580,Thrifty,soft:Thrifty
1581,Commuter,rule:commuter_strict
1582,Thrifty,soft:Thrifty
1583,Thrifty,soft:Thrifty
1584,Thrifty,rule:thrifty
1585,Shopper,rule:shopper
1586,Commuter,rule:commuter_strict
1587,Weekend,soft:Weekend
1588,Thrifty,rule:thrifty
1589,Thrifty,soft:Thrifty
1590,Weekend,soft:Weekend
1591,Thrifty,soft:Thrifty
1592,Shopper,rule:shopper
1593,Commuter,rule:commuter_strict
1594,Commuter,rule:commuter_strict
1595,Thrifty,soft:Thrifty
1596,Thrifty,soft:Thrifty
1597,Thrifty,rule:thrifty
1598,Commuter,rule:commuter_strict
1599,Commuter,rule:commuter_strict
1600,Shopper,rule:shopper
1601,Commuter,rule:commuter_strict
1602,Thrifty,rule:thrifty
1603,Commuter,rule:commuter_strict
1604,Thrifty,rule:thrifty
1605,Commuter,rule:commuter_strict
1606,Thrifty,rule:thrifty
1607,Commuter,rule:commuter_strict
1608,Shopper,rule:shopper
1609,Commuter,rule:commuter_strict
1610,Weekend,soft:Weekend
1611,Shopper,soft:Shopper
1612,Thrifty,soft:Thrifty
1613,Thrifty,soft:Thrifty
1614,Thrifty,soft:Thrifty
1615,Thrifty,rule:thrifty
1616,Thrifty,soft:Thrifty
1617,Shopper,rule:shopper
1618,Thrifty,soft:Thrifty
1619,Weekend,soft:Weekend
1620,Thrifty,soft:Thrifty
1621,Thrifty,soft:Thrifty
1622,Commuter,rule:commuter_strict
1623,Thrifty,soft:Thrifty
1624,Shopper,rule:shopper
1625,Commuter,rule:commuter_strict
1626,Thrifty,soft:Thrifty
1627,Commuter,rule:commuter_strict
1628,Thrifty,soft:Thrifty
1629,Commuter,rule:commuter_strict
1630,Thrifty,rule:thrifty
1631,Thrifty,soft:Thrifty
1632,Thrifty,soft:Thrifty
1633,Weekend,soft:Weekend
1634,Shopper,soft:Shopper
1635,Shopper,rule:shopper
1636,Commuter,rule:commuter_strict
1637,Thrifty,rule:thrifty
1638,Commuter,rule:commuter_strict
1639,Shopper,rule:shopper
1640,Shopper,rule:shopper
1641,Weekend,soft:Weekend
1642,Shopper,rule:shopper
1643,Thrifty,rule:thrifty
1644,Weekend,soft:Weekend
1645,Commuter,rule:commuter_strict
1646,Thrifty,soft:Thrifty
1647,Commuter,rule:commuter_strict
1648,Shopper,soft:Shopper
1649,Thrifty,soft:Thrifty
1650,Weekend,soft:Weekend
1651,Commuter,rule:commuter_strict
1652,Thrifty,rule:thrifty
1653,Thrifty,rule:thrifty
1654,Thrifty,rule:thrifty
1655,Commuter,rule:commuter_strict
1656,Shopper,soft:Shopper
1657,Thrifty,soft:Thrifty
1658,Thrifty,rule:thrifty
1659,Thrifty,soft:Thrifty
1660,Weekend,rule:weekend
1661,Thrifty,soft:Thrifty
1662,Thrifty,rule:thrifty
1663,Shopper,rule:shopper
1664,Thrifty,soft:Thrifty
1665,Shopper,rule:shopper
1666,Shopper,rule:shopper
1667,Commuter,rule:commuter_strict
1668,Shopper,rule:shopper
1669,Commuter,rule:commuter_strict
1670,Shopper,rule:shopper
1671,Thrifty,rule:thrifty
1672,Shopper,rule:shopper
1673,Shopper,rule:shopper
1674,Shopper,rule:shopper
1675,Shopper,rule:shopper
1676,Thrifty,rule:thrifty
1677,Commuter,rule:commuter_strict
1678,Thrifty,rule:thrifty
1679,Commuter,rule:commuter_strict
1680,Weekend,soft:Weekend
1681,Thrifty,soft:Thrifty
1682,Shopper,rule:shopper
1683,Weekend,rule:weekend
1684,Shopper,rule:shopper
1685,Commuter,rule:commuter_strict
1686,Shopper,rule:shopper
1687,Shopper,rule:shopper
1688,Thrifty,rule:thrifty
1689,Thrifty,soft:Thrifty
1690,Thrifty,soft:Thrifty
1691,Commuter,rule:commuter_strict
1692,Thrifty,soft:Thrifty
1693,Thrifty,rule:thrifty
1694,Commuter,rule:commuter_strict
1695,Thrifty,soft:Thrifty
1696,Commuter,rule:commuter_strict
1697,Commuter,rule:commuter_strict
1698,Commuter,rule:commuter_strict
1699,Shopper,rule:shopper
1700,Thrifty,soft:Thrifty
1701,Shopper,soft:Shopper
1702,Thrifty,rule:thrifty
1703,Thrifty,rule:thrifty
1704,Thrifty,soft:Thrifty
1705,Thrifty,rule:thrifty
1706,Commuter,rule:commuter_strict
1707,Thrifty,soft:Thrifty
1708,Commuter,rule:commuter_strict
1709,Thrifty,soft:Thrifty
1710,Thrifty,soft:Thrifty
1711,Commuter,rule:commuter_strict
1712,Commuter,rule:commuter_strict
1713,Thrifty,soft:Thrifty
1714,Thrifty,rule:thrifty
1715,Commuter,rule:commuter_strict
1716,Shopper,rule:shopper
1717,Commuter,rule:commuter_strict
1718,Thrifty,soft:Thrifty
1719,Shopper,rule:shopper
1720,Commuter,rule:commuter_strict
1721,Commuter,rule:commuter_strict
1722,Commuter,rule:commuter_strict
1723,Thrifty,soft:Thrifty
1724,Commuter,rule:commuter_strict
1725,Weekend,soft:Weekend
1726,Commuter,rule:commuter_strict
1727,Thrifty,rule:thrifty
1728,Shopper,rule:shopper
1729,Shopper,rule:shopper
1730,Weekend,soft:Weekend
1731,Thrifty,rule:thrifty
1732,Thrifty,soft:Thrifty
1733,Weekend,soft:Weekend
1734,Thrifty,soft:Thrifty
1735,Commuter,rule:commuter_strict
1736,Shopper,soft:Shopper
1737,Thrifty,rule:thrifty
1738,Commuter,rule:commuter_strict
1739,Thrifty,rule:thrifty
1740,Thrifty,soft:Thrifty
1741,Shopper,rule:shopper
1742,Thrifty,soft:Thrifty
1743,Thrifty,soft:Thrifty
1744,Commuter,rule:commuter_strict
1745,Thrifty,soft:Thrifty
1746,Thrifty,rule:thrifty
1747,Commuter,rule:commuter_strict
1748,Thrifty,rule:thrifty
1749,Thrifty,soft:Thrifty
1750,Commuter,rule:commuter_strict
1751,Thrifty,soft:Thrifty
1752,Commuter,rule:commuter_strict
1753,Commuter,rule:commuter_strict
1754,Commuter,rule:commuter_strict
1755,Shopper,rule:shopper
1756,Shopper,soft:Shopper
1757,Shopper,rule:shopper
1758,Thrifty,soft:Thrifty
1759,Commuter,rule:commuter_strict
1760,Thrifty,soft:Thrifty
1761,Thrifty,rule:thrifty
1762,Shopper,rule:shopper
1763,Commuter,rule:commuter_strict
1764,Thrifty,rule:thrifty
1765,Commuter,rule:commuter_strict
1766,Thrifty,rule:thrifty
1767,Thrifty,soft:Thrifty
1768,Thrifty,rule:thrifty
1769,Thrifty,soft:Thrifty
1770,Thrifty,rule:thrifty
1771,Thrifty,rule:thrifty
1772,Thrifty,soft:Thrifty
1773,Shopper,rule:shopper
1774,Shopper,rule:shopper
1775,Weekend,soft:Weekend
1776,Thrifty,rule:thrifty
1777,Thrifty,soft:Thrifty
1778,Thrifty,rule:thrifty
1779,Commuter,rule:commuter_strict
1780,Shopper,soft:Shopper
1781,Commuter,rule:commuter_strict
1782,Shopper,rule:shopper
1783,Thrifty,soft:Thrifty
1784,Weekend,soft:Weekend
1785,Thrifty,soft:Thrifty
1786,Shopper,rule:shopper
1787,Thrifty,soft:Thrifty
1788,Thrifty,soft:Thrifty
1789,Commuter,rule:commuter_strict
1790,Thrifty,rule:thrifty
1791,Commuter,rule:commuter_strict
1792,Thrifty,soft:Thrifty
1793,Thrifty,rule:thrifty
1794,Thrifty,soft:Thrifty
1795,Commuter,rule:commuter_strict
1796,Commuter,rule:commuter_strict
1797,Thrifty,soft:Thrifty
1798,Commuter,rule:commuter_strict
1799,Commuter,rule:commuter_strict
1800,Commuter,rule:commuter_strict
1801,Shopper,rule:shopper
1802,Thrifty,soft:Thrifty
1803,Thrifty,rule:thrifty
1804,Thrifty,rule:thrifty
1805,Thrifty,rule:thrifty
1806,Thrifty,soft:Thrifty
1807,Thrifty,soft:Thrifty
1808,Commuter,rule:commuter_strict
1809,Commuter,rule:commuter_strict
1810,Commuter,rule:commuter_strict
1811,Thrifty,soft:Thrifty
1812,Weekend,soft:Weekend
1813,Thrifty,rule:thrifty
1814,Commuter,rule:commuter_strict
1815,Commuter,rule:commuter_strict
1816,Shopper,rule:shopper
1817,Thrifty,rule:thrifty
1818,Thrifty,soft:Thrifty
1819,Thrifty,soft:Thrifty
1820,Thrifty,soft:Thrifty
1821,Commuter,rule:commuter_strict
1822,Commuter,rule:commuter_strict
1823,Weekend,soft:Weekend
1824,Thrifty,soft:Thrifty
1825,Thrifty,soft:Thrifty
1826,Weekend,soft:Weekend
1827,Commuter,rule:commuter_strict
1828,Shopper,rule:shopper
1829,Shopper,rule:shopper
1830,Thrifty,rule:thrifty
1831,Shopper,rule:shopper
1832,Thrifty,soft:Thrifty
1833,Thrifty,soft:Thrifty
1834,Weekend,soft:Weekend
1835,Shopper,rule:shopper
1836,Weekend,soft:Weekend
1837,Commuter,rule:commuter_strict
1838,Thrifty,rule:thrifty
1839,Shopper,rule:shopper
1840,Commuter,rule:commuter_strict
1841,Thrifty,rule:thrifty
1842,Thrifty,rule:thrifty
1843,Thrifty,soft:Thrifty
1844,Thrifty,soft:Thrifty
1845,Shopper,rule:shopper
1846,Commuter,rule:commuter_strict
1847,Commuter,rule:commuter_strict
1848,Commuter,rule:commuter_strict
1849,Shopper,soft:Shopper
1850,Weekend,soft:Weekend
1851,Thrifty,rule:thrifty
1852,Shopper,rule:shopper
1853,Shopper,rule:shopper
1854,Shopper,rule:shopper
1855,Shopper,rule:shopper
1856,Commuter,rule:commuter_strict
1857,Thrifty,soft:Thrifty
1858,Thrifty,rule:thrifty
1859,Shopper,rule:shopper
1860,Thrifty,soft:Thrifty
1861,Weekend,soft:Weekend
1862,Weekend,soft:Weekend
1863,Commuter,rule:commuter_strict
1864,Thrifty,soft:Thrifty
1865,Shopper,rule:shopper
1866,Shopper,rule:shopper
1867,Commuter,rule:commuter_strict
1868,Commuter,rule:commuter_strict
1869,Commuter,rule:commuter_strict
1870,Thrifty,soft:Thrifty
1871,Shopper,rule:shopper
1872,Commuter,rule:commuter_strict
1873,Thrifty,soft:Thrifty
1874,Shopper,rule:shopper
1875,Thrifty,soft:Thrifty
1876,Weekend,soft:Weekend
1877,Weekend,soft:Weekend
1878,Thrifty,rule:thrifty
1879,Thrifty,rule:thrifty
1880,Thrifty,soft:Thrifty
1881,Thrifty,soft:Thrifty
1882,Shopper,rule:shopper
1883,Weekend,soft:Weekend
1884,Shopper,soft:Shopper
1885,Commuter,rule:commuter_strict
1886,Thrifty,soft:Thrifty
1887,Commuter,rule:commuter_strict
1888,Commuter,rule:commuter_strict
1889,Thrifty,soft:Thrifty
1890,Shopper,soft:Shopper
1891,Commuter,rule:commuter_strict
1892,Thrifty,soft:Thrifty
1893,Shopper,rule:shopper
1894,Commuter,rule:commuter_strict
1895,Thrifty,soft:Thrifty
1896,Weekend,soft:Weekend
1897,Thrifty,soft:Thrifty
1898,Commuter,rule:commuter_strict
1899,Thrifty,rule:thrifty
1900,Weekend,soft:Weekend
1901,Thrifty,soft:Thrifty
1902,Commuter,rule:commuter_strict
1903,Thrifty,soft:Thrifty
1904,Commuter,rule:commuter_strict
1905,Thrifty,soft:Thrifty
1906,Commuter,rule:commuter_strict
1907,Shopper,soft:Shopper
1908,Thrifty,rule:thrifty
1909,Thrifty,rule:thrifty
1910,Commuter,rule:commuter_strict
1911,Thrifty,rule:thrifty
1912,Shopper,rule:shopper
1913,Shopper,rule:shopper
1914,Thrifty,rule:thrifty
1915,Thrifty,rule:thrifty
1916,Thrifty,soft:Thrifty
1917,Shopper,rule:shopper
1918,Weekend,soft:Weekend
1919,Thrifty,soft:Thrifty
1920,Thrifty,rule:thrifty
1921,Thrifty,soft:Thrifty
1922,Commuter,rule:commuter_strict
1923,Thrifty,soft:Thrifty
1924,Thrifty,soft:Thrifty
1925,Shopper,rule:shopper
1926,Commuter,rule:commuter_strict
1927,Thrifty,soft:Thrifty
1928,Thrifty,rule:thrifty
1929,Thrifty,soft:Thrifty
1930,Commuter,rule:commuter_strict
1931,Thrifty,soft:Thrifty
1932,Thrifty,soft:Thrifty
1933,Thrifty,soft:Thrifty
1934,Thrifty,soft:Thrifty
1935,Weekend,soft:Weekend
1936,Shopper,rule:shopper
1937,Thrifty,soft:Thrifty
1938,Shopper,rule:shopper
1939,Thrifty,rule:thrifty
1940,Commuter,rule:commuter_strict
1941,Commuter,rule:commuter_strict
1942,Thrifty,soft:Thrifty
1943,Thrifty,soft:Thrifty
1944,Thrifty,soft:Thrifty
1945,Shopper,rule:shopper
1946,Thrifty,rule:thrifty
1947,Thrifty,rule:thrifty
1948,Commuter,rule:commuter_strict
1949,Thrifty,soft:Thrifty
1950,Thrifty,rule:thrifty
1951,Commuter,rule:commuter_strict
1952,Commuter,rule:commuter_strict
1953,Thrifty,soft:Thrifty
1954,Thrifty,soft:Thrifty
1955,Shopper,rule:shopper
1956,Shopper,soft:Shopper
1957,Thrifty,soft:Thrifty
1958,Thrifty,rule:thrifty
1959,Thrifty,soft:Thrifty
1960,Thrifty,soft:Thrifty
1961,Commuter,rule:commuter_strict
1962,Thrifty,soft:Thrifty
1963,Shopper,rule:shopper
1964,Thrifty,rule:thrifty
1965,Weekend,soft:Weekend
1966,Thrifty,soft:Thrifty
1967,Commuter,rule:commuter_strict
1968,Thrifty,rule:thrifty
1969,Thrifty,rule:thrifty
1970,Commuter,rule:commuter_strict
1971,Commuter,rule:commuter_strict
1972,Shopper,rule:shopper
1973,Thrifty,rule:thrifty
1974,Thrifty,rule:thrifty
1975,Thrifty,rule:thrifty
1976,Shopper,soft:Shopper
1977,Thrifty,rule:thrifty
1978,Thrifty,rule:thrifty
1979,Shopper,rule:shopper
1980,Shopper,rule:shopper
1981,Commuter,rule:commuter_strict
1982,Shopper,soft:Shopper
1983,Thrifty,soft:Thrifty
1984,Thrifty,rule:thrifty
1985,Commuter,rule:commuter_strict
1986,Commuter,rule:commuter_strict
1987,Weekend,soft:Weekend
1988,Thrifty,rule:thrifty
1989,Thrifty,soft:Thrifty
1990,Weekend,soft:Weekend
1991,Thrifty,soft:Thrifty
1992,Commuter,rule:commuter_strict
1993,Thrifty,soft:Thrifty
1994,Commuter,rule:commuter_strict
1995,Thrifty,soft:Thrifty
1996,Weekend,soft:Weekend
1997,Shopper,rule:shopper
1998,Commuter,rule:commuter_strict
1999,Commuter,rule:commuter_strict
2000,Thrifty,soft:Thrifty
2001,Thrifty,rule:thrifty
2002,Commuter,rule:commuter_strict
2003,Shopper,soft:Shopper
2004,Commuter,rule:commuter_strict
2005,Thrifty,rule:thrifty
2006,Thrifty,soft:Thrifty
2007,Thrifty,rule:thrifty
2008,Thrifty,soft:Thrifty
2009,Commuter,rule:commuter_strict
2010,Thrifty,rule:thrifty
2011,Commuter,rule:commuter_strict
2012,Commuter,rule:commuter_strict
2013,Shopper,rule:shopper
2014,Commuter,rule:commuter_strict
2015,Thrifty,soft:Thrifty
2016,Thrifty,rule:thrifty
2017,Thrifty,rule:thrifty
2018,Shopper,rule:shopper
2019,Commuter,rule:commuter_strict
2020,Weekend,soft:Weekend
2021,Shopper,rule:shopper
2022,Thrifty,soft:Thrifty
2023,Shopper,rule:shopper
2024,Commuter,rule:commuter_strict
2025,Thrifty,rule:thrifty
2026,Thrifty,soft:Thrifty
2027,Thrifty,soft:Thrifty
2028,Shopper,rule:shopper
2029,Thrifty,rule:thrifty
2030,Weekend,soft:Weekend
2031,Commuter,rule:commuter_strict
2032,Thrifty,soft:Thrifty
2033,Thrifty,rule:thrifty
2034,Shopper,rule:shopper
2035,Weekend,soft:Weekend
2036,Thrifty,rule:thrifty
2037,Commuter,rule:commuter_strict
2038,Commuter,rule:commuter_strict
2039,Commuter,rule:commuter_strict
2040,Commuter,rule:commuter_strict
2041,Shopper,rule:shopper
2042,Thrifty,soft:Thrifty
2043,Weekend,soft:Weekend
2044,Commuter,rule:commuter_strict
2045,Shopper,rule:shopper
2046,Thrifty,soft:Thrifty
2047,Commuter,rule:commuter_strict
2048,Thrifty,soft:Thrifty
2049,Thrifty,soft:Thrifty
2050,Commuter,rule:commuter_strict
2051,Thrifty,rule:thrifty
2052,Thrifty,rule:thrifty
2053,Commuter,rule:commuter_strict
2054,Shopper,soft:Shopper
2055,Shopper,soft:Shopper
2056,Thrifty,soft:Thrifty
2057,Thrifty,rule:thrifty
2058,Thrifty,rule:thrifty
2059,Thrifty,soft:Thrifty
2060,Weekend,soft:Weekend
2061,Commuter,rule:commuter_strict
2062,Thrifty,rule:thrifty
2063,Shopper,rule:shopper
2064,Thrifty,rule:thrifty
2065,Commuter,rule:commuter_strict
2066,Thrifty,soft:Thrifty
2067,Commuter,rule:commuter_strict
2068,Thrifty,soft:Thrifty
2069,Commuter,rule:commuter_strict
2070,Thrifty,rule:thrifty
2071,Weekend,soft:Weekend
2072,Thrifty,rule:thrifty
2073,Commuter,rule:commuter_strict
2074,Shopper,rule:shopper
2075,Shopper,rule:shopper
2076,Shopper,rule:shopper
2077,Commuter,rule:commuter_strict
2078,Thrifty,rule:thrifty
2079,Shopper,soft:Shopper
2080,Thrifty,soft:Thrifty
2081,Commuter,rule:commuter_strict
2082,Commuter,rule:commuter_strict
2083,Thrifty,rule:thrifty
2084,Shopper,rule:shopper
2085,Thrifty,soft:Thrifty
2086,Thrifty,rule:thrifty
2087,Commuter,rule:commuter_strict
2088,Thrifty,soft:Thrifty
2089,Shopper,rule:shopper
2090,Thrifty,rule:thrifty
2091,Weekend,soft:Weekend
2092,Shopper,rule:shopper
2093,Commuter,rule:commuter_strict
2094,Thrifty,soft:Thrifty
2095,Thrifty,rule:thrifty
2096,Shopper,rule:shopper
2097,Thrifty,soft:Thrifty
2098,Weekend,soft:Weekend
2099,Shopper,rule:shopper
2100,Thrifty,rule:thrifty
2101,Shopper,rule:shopper
2102,Weekend,soft:Weekend
2103,Commuter,rule:commuter_strict
2104,Thrifty,soft:Thrifty
2105,Shopper,rule:shopper
2106,Thrifty,soft:Thrifty
2107,Shopper,soft:Shopper
2108,Shopper,rule:shopper
2109,Thrifty,rule:thrifty
2110,Shopper,rule:shopper
2111,Commuter,rule:commuter_strict
2112,Commuter,rule:commuter_strict
2113,Commuter,rule:commuter_strict
2114,Shopper,rule:shopper
2115,Thrifty,soft:Thrifty
2116,Commuter,rule:commuter_strict
2117,Thrifty,rule:thrifty
2118,Thrifty,soft:Thrifty
2119,Commuter,rule:commuter_strict
2120,Shopper,rule:shopper
2121,Shopper,rule:shopper
2122,Thrifty,soft:Thrifty
2123,Shopper,soft:Shopper
2124,Thrifty,soft:Thrifty
2125,Shopper,rule:shopper
2126,Thrifty,soft:Thrifty
2127,Weekend,rule:weekend
2128,Commuter,rule:commuter_strict
2129,Shopper,rule:shopper
2130,Thrifty,rule:thrifty
2131,Commuter,rule:commuter_strict
2132,Commuter,rule:commuter_strict
2133,Thrifty,soft:Thrifty
2134,Thrifty,soft:Thrifty
2135,Thrifty,soft:Thrifty
2136,Shopper,rule:shopper
2137,Commuter,rule:commuter_strict
2138,Thrifty,soft:Thrifty
2139,Commuter,rule:commuter_strict
2140,Shopper,rule:shopper
2141,Shopper,rule:shopper
2142,Weekend,soft:Weekend
2143,Thrifty,soft:Thrifty
2144,Thrifty,rule:thrifty
2145,Thrifty,soft:Thrifty
2146,Shopper,rule:shopper
2147,Thrifty,soft:Thrifty
2148,Thrifty,rule:thrifty
2149,Thrifty,rule:thrifty
2150,Shopper,rule:shopper
2151,Thrifty,rule:thrifty
2152,Commuter,rule:commuter_strict
2153,Weekend,soft:Weekend
2154,Shopper,rule:shopper
2155,Commuter,rule:commuter_strict
2156,Commuter,rule:commuter_strict
2157,Commuter,rule:commuter_strict
2158,Thrifty,rule:thrifty
2159,Thrifty,rule:thrifty
2160,Weekend,soft:Weekend
2161,Thrifty,soft:Thrifty
2162,Weekend,soft:Weekend
2163,Thrifty,rule:thrifty
2164,Shopper,rule:shopper
2165,Thrifty,soft:Thrifty
2166,Shopper,rule:shopper
2167,Thrifty,soft:Thrifty
2168,Commuter,rule:commuter_strict
2169,Thrifty,soft:Thrifty
2170,Thrifty,rule:thrifty
2171,Weekend,soft:Weekend
2172,Commuter,rule:commuter_strict
2173,Commuter,rule:commuter_strict
2174,Shopper,rule:shopper
2175,Commuter,rule:commuter_strict
2176,Shopper,rule:shopper
2177,Thrifty,soft:Thrifty
2178,Thrifty,soft:Thrifty
2179,Weekend,soft:Weekend
2180,Thrifty,rule:thrifty
2181,Thrifty,soft:Thrifty
2182,Commuter,rule:commuter_strict
2183,Commuter,rule:commuter_strict
2184,Thrifty,rule:thrifty
2185,Thrifty,soft:Thrifty
2186,Shopper,rule:shopper
2187,Shopper,rule:shopper
2188,Weekend,soft:Weekend
2189,Shopper,soft:Shopper
2190,Weekend,soft:Weekend
2191,Thrifty,rule:thrifty
2192,Shopper,rule:shopper
2193,Thrifty,soft:Thrifty
2194,Thrifty,soft:Thrifty
2195,Commuter,rule:commuter_strict
2196,Thrifty,rule:thrifty
2197,Thrifty,rule:thrifty
2198,Shopper,rule:shopper
2199,Weekend,soft:Weekend
2200,Thrifty,soft:Thrifty
2201,Shopper,rule:shopper
2202,Commuter,rule:commuter_strict
2203,Thrifty,rule:thrifty
2204,Commuter,rule:commuter_strict
2205,Weekend,soft:Weekend
2206,Shopper,rule:shopper
2207,Thrifty,rule:thrifty
2208,Shopper,rule:shopper
2209,Thrifty,rule:thrifty
2210,Shopper,rule:shopper
2211,Thrifty,soft:Thrifty
2212,Shopper,rule:shopper
2213,Commuter,rule:commuter_strict
2214,Shopper,rule:shopper
2215,Weekend,soft:Weekend
2216,Thrifty,rule:thrifty
2217,Shopper,rule:shopper
2218,Thrifty,rule:thrifty
2219,Shopper,rule:shopper
2220,Commuter,rule:commuter_strict
2221,Weekend,soft:Weekend
2222,Thrifty,soft:Thrifty
2223,Commuter,rule:commuter_strict
2224,Commuter,rule:commuter_strict
2225,Commuter,rule:commuter_strict
2226,Thrifty,rule:thrifty
2227,Thrifty,rule:thrifty
2228,Thrifty,soft:Thrifty
2229,Thrifty,rule:thrifty
2230,Thrifty,rule:thrifty
2231,Thrifty,soft:Thrifty
2232,Commuter,rule:commuter_strict
2233,Shopper,rule:shopper
2234,Shopper,rule:shopper
2235,Weekend,soft:Weekend
2236,Weekend,soft:Weekend
2237,Shopper,rule:shopper
2238,Commuter,rule:commuter_strict
2239,Commuter,rule:commuter_strict
2240,Commuter,rule:commuter_strict
2241,Shopper,rule:shopper
2242,Commuter,rule:commuter_strict
2243,Thrifty,soft:Thrifty
2244,Shopper,soft:Shopper
2245,Shopper,rule:shopper
2246,Thrifty,soft:Thrifty
2247,Commuter,rule:commuter_strict
2248,Shopper,rule:shopper
2249,Thrifty,soft:Thrifty
2250,Commuter,rule:commuter_strict
2251,Commuter,rule:commuter_strict
2252,Shopper,rule:shopper
2253,Thrifty,soft:Thrifty
2254,Shopper,rule:shopper
2255,Shopper,rule:shopper
2256,Thrifty,soft:Thrifty
2257,Thrifty,rule:thrifty
2258,Thrifty,rule:thrifty
2259,Thrifty,soft:Thrifty
2260,Thrifty,rule:thrifty
2261,Thrifty,soft:Thrifty
2262,Thrifty,soft:Thrifty
2263,Shopper,rule:shopper
2264,Thrifty,rule:thrifty
2265,Thrifty,soft:Thrifty
2266,Weekend,soft:Weekend
2267,Thrifty,soft:Thrifty
2268,Shopper,soft:Shopper
2269,Commuter,rule:commuter_strict
2270,Thrifty,rule:thrifty
2271,Commuter,rule:commuter_strict
2272,Thrifty,rule:thrifty
2273,Thrifty,rule:thrifty
2274,Weekend,soft:Weekend
2275,Shopper,rule:shopper
2276,Thrifty,soft:Thrifty
2277,Thrifty,soft:Thrifty
2278,Thrifty,soft:Thrifty
2279,Thrifty,soft:Thrifty
2280,Commuter,rule:commuter_strict
2281,Commuter,rule:commuter_strict
2282,Thrifty,rule:thrifty
2283,Thrifty,soft:Thrifty
2284,Commuter,rule:commuter_strict
2285,Commuter,rule:commuter_strict
2286,Thrifty,rule:thrifty
2287,Shopper,rule:shopper
2288,Thrifty,rule:thrifty
2289,Thrifty,rule:thrifty
2290,Commuter,rule:commuter_strict
2291,Thrifty,soft:Thrifty
2292,Thrifty,rule:thrifty
2293,Commuter,rule:commuter_strict
2294,Thrifty,rule:thrifty
2295,Commuter,rule:commuter_strict
2296,Commuter,rule:commuter_strict
2297,Commuter,rule:commuter_strict
2298,Commuter,rule:commuter_strict
2299,Commuter,rule:commuter_strict
2300,Thrifty,soft:Thrifty
2301,Shopper,rule:shopper
2302,Thrifty,soft:Thrifty
2303,Thrifty,soft:Thrifty
2304,Thrifty,soft:Thrifty
2305,Shopper,rule:shopper
2306,Thrifty,rule:thrifty
2307,Commuter,rule:commuter_strict
2308,Thrifty,soft:Thrifty
2309,Commuter,rule:commuter_strict
2310,Thrifty,rule:thrifty
2311,Thrifty,soft:Thrifty
2312,Shopper,rule:shopper
2313,Thrifty,rule:thrifty
2314,Weekend,soft:Weekend
2315,Shopper,rule:shopper
2316,Commuter,rule:commuter_strict
2317,Thrifty,soft:Thrifty
2318,Thrifty,rule:thrifty
2319,Thrifty,rule:thrifty
2320,Thrifty,soft:Thrifty
2321,Shopper,rule:shopper
2322,Thrifty,soft:Thrifty
2323,Thrifty,soft:Thrifty
2324,Thrifty,rule:thrifty
2325,Shopper,rule:shopper
2326,Shopper,rule:shopper
2327,Shopper,rule:shopper
2328,Commuter,rule:commuter_strict
2329,Thrifty,soft:Thrifty
2330,Commuter,rule:commuter_strict
2331,Thrifty,rule:thrifty
2332,Commuter,rule:commuter_strict
2333,Shopper,soft:Shopper
2334,Thrifty,soft:Thrifty
2335,Commuter,rule:commuter_strict
2336,Thrifty,soft:Thrifty
2337,Thrifty,soft:Thrifty
2338,Thrifty,soft:Thrifty
2339,Commuter,rule:commuter_strict
2340,Thrifty,rule:thrifty
2341,Thrifty,soft:Thrifty
2342,Commuter,rule:commuter_strict
2343,Commuter,rule:commuter_strict
2344,Thrifty,soft:Thrifty
2345,Shopper,rule:shopper
2346,Thrifty,soft:Thrifty
2347,Thrifty,soft:Thrifty
2348,Thrifty,rule:thrifty
2349,Thrifty,soft:Thrifty
2350,Commuter,rule:commuter_strict
2351,Weekend,soft:Weekend
2352,Shopper,rule:shopper
2353,Weekend,soft:Weekend
2354,Shopper,rule:shopper
2355,Weekend,soft:Weekend
2356,Commuter,rule:commuter_strict
2357,Shopper,rule:shopper
2358,Commuter,rule:commuter_strict
2359,Thrifty,soft:Thrifty
2360,Commuter,rule:commuter_strict
2361,Commuter,rule:commuter_strict
2362,Thrifty,soft:Thrifty
2363,Thrifty,rule:thrifty
2364,Thrifty,rule:thrifty
2365,Thrifty,soft:Thrifty
2366,Commuter,rule:commuter_strict
2367,Commuter,rule:commuter_strict
2368,Thrifty,soft:Thrifty
2369,Thrifty,rule:thrifty
2370,Weekend,soft:Weekend
2371,Thrifty,soft:Thrifty
2372,Shopper,rule:shopper
2373,Thrifty,soft:Thrifty
2374,Thrifty,rule:thrifty
2375,Thrifty,soft:Thrifty
2376,Thrifty,rule:thrifty
2377,Thrifty,soft:Thrifty
2378,Shopper,rule:shopper
2379,Thrifty,soft:Thrifty
2380,Shopper,rule:shopper
2381,Shopper,rule:shopper
2382,Shopper,rule:shopper
2383,Shopper,rule:shopper
2384,Thrifty,rule:thrifty
2385,Thrifty,rule:thrifty
2386,Thrifty,soft:Thrifty
2387,Thrifty,soft:Thrifty
2388,Thrifty,soft:Thrifty
2389,Thrifty,soft:Thrifty
2390,Thrifty,soft:Thrifty
2391,Thrifty,rule:thrifty
2392,Commuter,rule:commuter_strict
2393,Thrifty,rule:thrifty
2394,Commuter,rule:commuter_strict
2395,Shopper,rule:shopper
2396,Thrifty,rule:thrifty
2397,Commuter,rule:commuter_strict
2398,Commuter,rule:commuter_strict
2399,Weekend,soft:Weekend
2400,Thrifty,soft:Thrifty
2401,Thrifty,soft:Thrifty
2402,Commuter,rule:commuter_strict
2403,Thrifty,rule:thrifty
2404,Thrifty,rule:thrifty
2405,Thrifty,soft:Thrifty
2406,Thrifty,soft:Thrifty
2407,Thrifty,soft:Thrifty
2408,Commuter,rule:commuter_strict
2409,Shopper,rule:shopper
2410,Thrifty,rule:thrifty
2411,Thrifty,soft:Thrifty
2412,Commuter,rule:commuter_strict
2413,Thrifty,soft:Thrifty
2414,Commuter,rule:commuter_strict
2415,Thrifty,rule:thrifty
2416,Shopper,rule:shopper
2417,Thrifty,rule:thrifty
2418,Commuter,rule:commuter_strict
2419,Commuter,rule:commuter_strict
2420,Thrifty,rule:thrifty
2421,Commuter,rule:commuter_strict
2422,Commuter,rule:commuter_strict
2423,Thrifty,soft:Thrifty
2424,Thrifty,rule:thrifty
2425,Thrifty,rule:thrifty
2426,Shopper,rule:shopper
2427,Commuter,rule:commuter_strict
2428,Shopper,rule:shopper
2429,Thrifty,rule:thrifty
2430,Shopper,rule:shopper
2431,Weekend,soft:Weekend
2432,Shopper,rule:shopper
2433,Shopper,rule:shopper
2434,Thrifty,rule:thrifty
2435,Shopper,soft:Shopper
2436,Thrifty,soft:Thrifty
2437,Thrifty,soft:Thrifty
2438,Thrifty,rule:thrifty
2439,Thrifty,soft:Thrifty
2440,Commuter,rule:commuter_strict
2441,Weekend,soft:Weekend
2442,Thrifty,soft:Thrifty
2443,Weekend,soft:Weekend
2444,Shopper,rule:shopper
2445,Thrifty,soft:Thrifty
2446,Thrifty,soft:Thrifty
2447,Thrifty,soft:Thrifty
2448,Commuter,rule:commuter_strict
2449,Commuter,rule:commuter_strict
2450,Thrifty,soft:Thrifty
2451,Thrifty,rule:thrifty
2452,Shopper,rule:shopper
2453,Thrifty,soft:Thrifty
2454,Weekend,rule:weekend
2455,Thrifty,soft:Thrifty
2456,Commuter,rule:commuter_strict
2457,Thrifty,soft:Thrifty
2458,Thrifty,soft:Thrifty
2459,Thrifty,rule:thrifty
2460,Thrifty,rule:thrifty
2461,Shopper,rule:shopper
2462,Shopper,rule:shopper
2463,Thrifty,soft:Thrifty
2464,Weekend,soft:Weekend
2465,Thrifty,soft:Thrifty
2466,Commuter,rule:commuter_strict
2467,Thrifty,rule:thrifty
2468,Commuter,rule:commuter_strict
2469,Thrifty,rule:thrifty
2470,Thrifty,soft:Thrifty
2471,Commuter,rule:commuter_strict
2472,Shopper,rule:shopper
2473,Shopper,rule:shopper
2474,Thrifty,soft:Thrifty
2475,Weekend,soft:Weekend
2476,Shopper,rule:shopper
2477,Commuter,rule:commuter_strict
2478,Shopper,rule:shopper
2479,Commuter,rule:commuter_strict
2480,Shopper,rule:shopper
2481,Thrifty,rule:thrifty
2482,Shopper,rule:shopper
2483,Shopper,rule:shopper
2484,Commuter,rule:commuter_strict
2485,Thrifty,soft:Thrifty
2486,Shopper,rule:shopper
2487,Thrifty,soft:Thrifty
2488,Shopper,rule:shopper
2489,Thrifty,soft:Thrifty
2490,Thrifty,rule:thrifty
2491,Thrifty,rule:thrifty
2492,Commuter,rule:commuter_strict
2493,Thrifty,soft:Thrifty
2494,Thrifty,rule:thrifty
2495,Thrifty,soft:Thrifty
2496,Thrifty,rule:thrifty
2497,Thrifty,soft:Thrifty
2498,Shopper,rule:shopper
2499,Shopper,rule:shopper
2500,Thrifty,soft:Thrifty
2501,Shopper,rule:shopper
2502,Weekend,soft:Weekend
2503,Weekend,soft:Weekend
2504,Shopper,rule:shopper
2505,Commuter,rule:commuter_strict
2506,Commuter,rule:commuter_strict
2507,Shopper,rule:shopper
2508,Thrifty,rule:thrifty
2509,Shopper,soft:Shopper
2510,Shopper,rule:shopper
2511,Commuter,rule:commuter_strict
2512,Shopper,rule:shopper
2513,Thrifty,rule:thrifty
2514,Thrifty,soft:Thrifty
2515,Thrifty,soft:Thrifty
2516,Shopper,rule:shopper
2517,Commuter,rule:commuter_strict
2518,Thrifty,rule:thrifty
2519,Thrifty,soft:Thrifty
2520,Weekend,soft:Weekend
2521,Weekend,soft:Weekend
2522,Commuter,rule:commuter_strict
2523,Thrifty,rule:thrifty
2524,Weekend,rule:weekend
2525,Shopper,rule:shopper
2526,Thrifty,soft:Thrifty
2527,Commuter,rule:commuter_strict
2528,Shopper,rule:shopper
2529,Commuter,rule:commuter_strict
2530,Shopper,rule:shopper
2531,Weekend,soft:Weekend
2532,Shopper,rule:shopper
2533,Thrifty,rule:thrifty
2534,Commuter,rule:commuter_strict
2535,Shopper,soft:Shopper
2536,Shopper,rule:shopper
2537,Thrifty,soft:Thrifty
2538,Commuter,rule:commuter_strict
2539,Thrifty,soft:Thrifty
2540,Weekend,soft:Weekend
2541,Thrifty,soft:Thrifty
2542,Weekend,soft:Weekend
2543,Shopper,rule:shopper
2544,Thrifty,soft:Thrifty
2545,Commuter,rule:commuter_strict
2546,Thrifty,soft:Thrifty
2547,Commuter,rule:commuter_strict
2548,Thrifty,rule:thrifty
2549,Thrifty,soft:Thrifty
2550,Commuter,rule:commuter_strict
2551,Thrifty,soft:Thrifty
2552,Commuter,rule:commuter_strict
2553,Shopper,rule:shopper
2554,Shopper,rule:shopper
2555,Commuter,rule:commuter_strict
2556,Shopper,rule:shopper
2557,Thrifty,soft:Thrifty
2558,Thrifty,soft:Thrifty
2559,Commuter,rule:commuter_strict
2560,Thrifty,rule:thrifty
2561,Shopper,rule:shopper
2562,Thrifty,soft:Thrifty
2563,Commuter,rule:commuter_strict
2564,Commuter,rule:commuter_strict
2565,Thrifty,soft:Thrifty
2566,Thrifty,soft:Thrifty
2567,Commuter,rule:commuter_strict
2568,Thrifty,rule:thrifty
2569,Shopper,soft:Shopper
2570,Shopper,rule:shopper
2571,Thrifty,rule:thrifty
2572,Shopper,rule:shopper
2573,Thrifty,soft:Thrifty
2574,Thrifty,soft:Thrifty
2575,Commuter,rule:commuter_strict
2576,Weekend,soft:Weekend
2577,Shopper,rule:shopper
2578,Thrifty,soft:Thrifty
2579,Thrifty,rule:thrifty
2580,Thrifty,soft:Thrifty
2581,Commuter,rule:commuter_strict
2582,Shopper,rule:shopper
2583,Thrifty,rule:thrifty
2584,Thrifty,soft:Thrifty
2585,Thrifty,soft:Thrifty
2586,Thrifty,soft:Thrifty
2587,Commuter,rule:commuter_strict
2588,Thrifty,soft:Thrifty
2589,Commuter,rule:commuter_strict
2590,Thrifty,soft:Thrifty
2591,Shopper,rule:shopper
2592,Shopper,rule:shopper
2593,Thrifty,soft:Thrifty
2594,Thrifty,rule:thrifty
2595,Commuter,rule:commuter_strict
2596,Thrifty,soft:Thrifty
2597,Thrifty,rule:thrifty
2598,Thrifty,soft:Thrifty
2599,Thrifty,soft:Thrifty
2600,Commuter,rule:commuter_strict
2601,Thrifty,soft:Thrifty
2602,Commuter,rule:commuter_strict
2603,Thrifty,soft:Thrifty
2604,Thrifty,soft:Thrifty
2605,Commuter,rule:commuter_strict
2606,Thrifty,rule:thrifty
2607,Commuter,rule:commuter_strict
2608,Thrifty,soft:Thrifty
2609,Thrifty,soft:Thrifty
2610,Commuter,rule:commuter_strict
2611,Shopper,rule:shopper
2612,Commuter,rule:commuter_strict
2613,Commuter,rule:commuter_strict
2614,Weekend,soft:Weekend
2615,Thrifty,soft:Thrifty
2616,Commuter,rule:commuter_strict
2617,Thrifty,rule:thrifty
2618,Thrifty,rule:thrifty
2619,Shopper,rule:shopper
2620,Thrifty,soft:Thrifty
2621,Shopper,soft:Shopper
2622,Shopper,rule:shopper
2623,Thrifty,rule:thrifty
2624,Shopper,rule:shopper
2625,Thrifty,rule:thrifty
2626,Shopper,rule:shopper
2627,Commuter,rule:commuter_strict
2628,Thrifty,soft:Thrifty
2629,Thrifty,rule:thrifty
2630,Thrifty,soft:Thrifty
2631,Weekend,soft:Weekend
2632,Weekend,soft:Weekend
2633,Commuter,rule:commuter_strict
2634,Commuter,rule:commuter_strict
2635,Thrifty,soft:Thrifty
2636,Thrifty,soft:Thrifty
2637,Shopper,rule:shopper
2638,Thrifty,soft:Thrifty
2639,Shopper,rule:shopper
2640,Thrifty,soft:Thrifty
2641,Thrifty,rule:thrifty
2642,Commuter,rule:commuter_strict
2643,Thrifty,soft:Thrifty
2644,Weekend,soft:Weekend
2645,Commuter,rule:commuter_strict
2646,Thrifty,rule:thrifty
2647,Shopper,soft:Shopper
2648,Thrifty,rule:thrifty
2649,Thrifty,rule:thrifty
2650,Thrifty,rule:thrifty
2651,Commuter,rule:commuter_strict
2652,Thrifty,rule:thrifty
2653,Thrifty,rule:thrifty
2654,Commuter,rule:commuter_strict
2655,Weekend,soft:Weekend
2656,Thrifty,soft:Thrifty
2657,Shopper,rule:shopper
2658,Shopper,rule:shopper
2659,Commuter,rule:commuter_strict
2660,Weekend,soft:Weekend
2661,Thrifty,soft:Thrifty
2662,Shopper,rule:shopper
2663,Commuter,rule:commuter_strict
2664,Weekend,soft:Weekend
2665,Thrifty,soft:Thrifty
2666,Thrifty,soft:Thrifty
2667,Commuter,rule:commuter_strict
2668,Weekend,soft:Weekend
2669,Weekend,soft:Weekend
2670,Thrifty,rule:thrifty
2671,Thrifty,soft:Thrifty
2672,Thrifty,soft:Thrifty
2673,Thrifty,soft:Thrifty
2674,Commuter,rule:commuter_strict
2675,Shopper,rule:shopper
2676,Thrifty,soft:Thrifty
2677,Thrifty,rule:thrifty
2678,Commuter,rule:commuter_strict
2679,Commuter,rule:commuter_strict
2680,Thrifty,rule:thrifty
2681,Thrifty,rule:thrifty
2682,Shopper,rule:shopper
2683,Commuter,rule:commuter_strict
2684,Thrifty,soft:Thrifty
2685,Thrifty,rule:thrifty
2686,Commuter,rule:commuter_strict
2687,Commuter,rule:commuter_strict
2688,Thrifty,rule:thrifty
2689,Thrifty,rule:thrifty
2690,Thrifty,rule:thrifty
2691,Thrifty,soft:Thrifty
2692,Thrifty,soft:Thrifty
2693,Commuter,rule:commuter_strict
2694,Thrifty,soft:Thrifty
2695,Shopper,rule:shopper
2696,Thrifty,rule:thrifty
2697,Weekend,rule:weekend
2698,Thrifty,soft:Thrifty
2699,Thrifty,soft:Thrifty
2700,Weekend,soft:Weekend
2701,Thrifty,soft:Thrifty
2702,Shopper,rule:shopper
2703,Commuter,rule:commuter_strict
2704,Commuter,rule:commuter_strict
2705,Thrifty,soft:Thrifty
2706,Shopper,rule:shopper
2707,Commuter,rule:commuter_strict
2708,Thrifty,rule:thrifty
2709,Commuter,rule:commuter_strict
2710,Thrifty,rule:thrifty
2711,Thrifty,soft:Thrifty
2712,Thrifty,rule:thrifty
2713,Thrifty,soft:Thrifty
2714,Thrifty,soft:Thrifty
2715,Commuter,rule:commuter_strict
2716,Thrifty,soft:Thrifty
2717,Thrifty,soft:Thrifty
2718,Shopper,rule:shopper
2719,Shopper,rule:shopper
2720,Commuter,rule:commuter_strict
2721,Shopper,rule:shopper
2722,Thrifty,soft:Thrifty
2723,Thrifty,soft:Thrifty
2724,Thrifty,rule:thrifty
2725,Thrifty,soft:Thrifty
2726,Thrifty,soft:Thrifty
2727,Commuter,rule:commuter_strict
2728,Commuter,rule:commuter_strict
2729,Commuter,rule:commuter_strict
2730,Thrifty,rule:thrifty
2731,Thrifty,soft:Thrifty
2732,Thrifty,rule:thrifty
2733,Commuter,rule:commuter_strict
2734,Shopper,rule:shopper
2735,Shopper,rule:shopper
2736,Thrifty,soft:Thrifty
2737,Shopper,rule:shopper
2738,Weekend,soft:Weekend
2739,Shopper,rule:shopper
2740,Commuter,rule:commuter_strict
2741,Thrifty,rule:thrifty
2742,Commuter,rule:commuter_strict
2743,Commuter,rule:commuter_strict
2744,Commuter,rule:commuter_strict
2745,Thrifty,soft:Thrifty
2746,Thrifty,soft:Thrifty
2747,Weekend,soft:Weekend
2748,Commuter,rule:commuter_strict
2749,Shopper,rule:shopper
2750,Thrifty,soft:Thrifty
2751,Thrifty,rule:thrifty
2752,Thrifty,soft:Thrifty
2753,Thrifty,rule:thrifty
2754,Thrifty,rule:thrifty
2755,Shopper,rule:shopper
2756,Thrifty,rule:thrifty
2757,Thrifty,rule:thrifty
2758,Shopper,rule:shopper
2759,Weekend,soft:Weekend
2760,Commuter,rule:commuter_strict
2761,Commuter,rule:commuter_strict
2762,Commuter,rule:commuter_strict
2763,Thrifty,soft:Thrifty
2764,Thrifty,rule:thrifty
2765,Commuter,rule:commuter_strict
2766,Shopper,rule:shopper
2767,Weekend,soft:Weekend
2768,Commuter,rule:commuter_strict
2769,Thrifty,rule:thrifty
2770,Thrifty,soft:Thrifty
2771,Commuter,rule:commuter_strict
2772,Thrifty,soft:Thrifty
2773,Shopper,rule:shopper
2774,Thrifty,soft:Thrifty
2775,Thrifty,soft:Thrifty
2776,Thrifty,soft:Thrifty
2777,Commuter,rule:commuter_strict
2778,Commuter,rule:commuter_strict
2779,Thrifty,rule:thrifty
2780,Commuter,rule:commuter_strict
2781,Commuter,rule:commuter_strict
2782,Shopper,rule:shopper
2783,Shopper,soft:Shopper
2784,Shopper,rule:shopper
2785,Shopper,rule:shopper
2786,Commuter,rule:commuter_strict
2787,Shopper,rule:shopper
2788,Commuter,rule:commuter_strict
2789,Shopper,rule:shopper
2790,Shopper,rule:shopper
2791,Weekend,soft:Weekend
2792,Shopper,rule:shopper
2793,Weekend,soft:Weekend
2794,Thrifty,soft:Thrifty
2795,Thrifty,soft:Thrifty
2796,Thrifty,soft:Thrifty
2797,Commuter,rule:commuter_strict
2798,Weekend,soft:Weekend
2799,Shopper,rule:shopper
2800,Commuter,rule:commuter_strict
2801,Shopper,rule:shopper
2802,Shopper,rule:shopper
2803,Shopper,soft:Shopper
2804,Shopper,rule:shopper
2805,Thrifty,soft:Thrifty
2806,Shopper,rule:shopper
2807,Weekend,soft:Weekend
2808,Commuter,rule:commuter_strict
2809,Thrifty,rule:thrifty
2810,Thrifty,soft:Thrifty
2811,Commuter,rule:commuter_strict
2812,Thrifty,soft:Thrifty
2813,Thrifty,soft:Thrifty
2814,Commuter,rule:commuter_strict
2815,Thrifty,soft:Thrifty
2816,Thrifty,soft:Thrifty
2817,Thrifty,soft:Thrifty
2818,Commuter,rule:commuter_strict
2819,Commuter,rule:commuter_strict
2820,Thrifty,soft:Thrifty
2821,Shopper,rule:shopper
2822,Commuter,rule:commuter_strict
2823,Thrifty,soft:Thrifty
2824,Commuter,rule:commuter_strict
2825,Thrifty,rule:thrifty
2826,Shopper,rule:shopper
2827,Thrifty,soft:Thrifty
2828,Commuter,rule:commuter_strict
2829,Thrifty,rule:thrifty
2830,Commuter,rule:commuter_strict
2831,Thrifty,rule:thrifty
2832,Weekend,soft:Weekend
2833,Commuter,rule:commuter_strict
2834,Thrifty,rule:thrifty
2835,Thrifty,soft:Thrifty
2836,Shopper,rule:shopper
2837,Shopper,rule:shopper
2838,Commuter,rule:commuter_strict
2839,Shopper,soft:Shopper
2840,Thrifty,rule:thrifty
2841,Thrifty,soft:Thrifty
2842,Thrifty,soft:Thrifty
2843,Shopper,rule:shopper
2844,Shopper,rule:shopper
2845,Thrifty,soft:Thrifty
2846,Thrifty,rule:thrifty
2847,Shopper,rule:shopper
2848,Commuter,rule:commuter_strict
2849,Thrifty,soft:Thrifty
2850,Thrifty,rule:thrifty
2851,Weekend,soft:Weekend
2852,Commuter,rule:commuter_strict
2853,Commuter,rule:commuter_strict
2854,Shopper,rule:shopper
2855,Commuter,rule:commuter_strict
2856,Thrifty,rule:thrifty
2857,Commuter,rule:commuter_strict
2858,Commuter,rule:commuter_strict
2859,Commuter,rule:commuter_strict
2860,Commuter,rule:commuter_strict
2861,Shopper,rule:shopper
2862,Thrifty,rule:thrifty
2863,Shopper,rule:shopper
2864,Thrifty,soft:Thrifty
2865,Thrifty,rule:thrifty
2866,Thrifty,soft:Thrifty
2867,Thrifty,soft:Thrifty
2868,Thrifty,soft:Thrifty
2869,Thrifty,rule:thrifty
2870,Thrifty,rule:thrifty
2871,Shopper,rule:shopper
2872,Shopper,rule:shopper
2873,Shopper,rule:shopper
2874,Thrifty,rule:thrifty
2875,Thrifty,soft:Thrifty
2876,Thrifty,rule:thrifty
2877,Thrifty,rule:thrifty
2878,Commuter,rule:commuter_strict
2879,Thrifty,soft:Thrifty
2880,Commuter,rule:commuter_strict
2881,Thrifty,soft:Thrifty
2882,Shopper,rule:shopper
2883,Commuter,rule:commuter_strict
2884,Commuter,rule:commuter_strict
2885,Commuter,rule:commuter_strict
2886,Shopper,rule:shopper
2887,Thrifty,rule:thrifty
2888,Thrifty,rule:thrifty
2889,Shopper,soft:Shopper
2890,Shopper,rule:shopper
2891,Thrifty,soft:Thrifty
2892,Thrifty,soft:Thrifty
2893,Thrifty,soft:Thrifty
2894,Weekend,soft:Weekend
2895,Commuter,rule:commuter_strict
2896,Shopper,rule:shopper
2897,Thrifty,soft:Thrifty
2898,Thrifty,soft:Thrifty
2899,Thrifty,rule:thrifty
2900,Commuter,rule:commuter_strict
2901,Shopper,rule:shopper
2902,Thrifty,soft:Thrifty
2903,Commuter,rule:commuter_strict
2904,Thrifty,rule:thrifty
2905,Weekend,soft:Weekend
2906,Commuter,rule:commuter_strict
2907,Shopper,rule:shopper
2908,Commuter,rule:commuter_strict
2909,Thrifty,soft:Thrifty
2910,Thrifty,rule:thrifty
2911,Commuter,rule:commuter_strict
2912,Commuter,rule:commuter_strict
2913,Thrifty,soft:Thrifty
2914,Shopper,rule:shopper
2915,Commuter,rule:commuter_strict
2916,Thrifty,soft:Thrifty
2917,Weekend,soft:Weekend
2918,Shopper,rule:shopper
2919,Thrifty,soft:Thrifty
2920,Thrifty,rule:thrifty
2921,Thrifty,rule:thrifty
2922,Weekend,soft:Weekend
2923,Shopper,rule:shopper
2924,Commuter,rule:commuter_strict
2925,Thrifty,soft:Thrifty
2926,Shopper,rule:shopper
2927,Shopper,rule:shopper
2928,Shopper,rule:shopper
2929,Thrifty,soft:Thrifty
2930,Thrifty,rule:thrifty
2931,Weekend,soft:Weekend
2932,Thrifty,soft:Thrifty
2933,Commuter,rule:commuter_strict
2934,Thrifty,soft:Thrifty
2935,Thrifty,soft:Thrifty
2936,Commuter,rule:commuter_strict
2937,Thrifty,soft:Thrifty
2938,Thrifty,soft:Thrifty
2939,Shopper,rule:shopper
2940,Commuter,rule:commuter_strict
2941,Thrifty,soft:Thrifty
2942,Weekend,soft:Weekend
2943,Thrifty,rule:thrifty
2944,Thrifty,soft:Thrifty
2945,Weekend,soft:Weekend
2946,Commuter,rule:commuter_strict
2947,Thrifty,soft:Thrifty
2948,Thrifty,rule:thrifty
2949,Thrifty,rule:thrifty
2950,Shopper,rule:shopper
2951,Shopper,rule:shopper
2952,Thrifty,soft:Thrifty
2953,Thrifty,soft:Thrifty
2954,Thrifty,rule:thrifty
2955,Shopper,rule:shopper
2956,Thrifty,soft:Thrifty
2957,Thrifty,soft:Thrifty
2958,Shopper,rule:shopper
2959,Thrifty,rule:thrifty
2960,Shopper,rule:shopper
2961,Commuter,rule:commuter_strict
2962,Thrifty,rule:thrifty
2963,Thrifty,rule:thrifty
2964,Shopper,rule:shopper
2965,Shopper,rule:shopper
2966,Thrifty,soft:Thrifty
2967,Thrifty,soft:Thrifty
2968,Thrifty,soft:Thrifty
2969,Shopper,rule:shopper
2970,Thrifty,rule:thrifty
2971,Thrifty,rule:thrifty
2972,Commuter,rule:commuter_strict
2973,Thrifty,soft:Thrifty
2974,Weekend,soft:Weekend
2975,Thrifty,soft:Thrifty
2976,Commuter,rule:commuter_strict
2977,Shopper,rule:shopper
2978,Commuter,rule:commuter_strict
2979,Weekend,soft:Weekend
2980,Shopper,soft:Shopper
2981,Thrifty,rule:thrifty
2982,Commuter,rule:commuter_strict
2983,Shopper,soft:Shopper
2984,Shopper,rule:shopper
2985,Weekend,soft:Weekend
2986,Shopper,rule:shopper
2987,Commuter,rule:commuter_strict
2988,Thrifty,soft:Thrifty
2989,Thrifty,soft:Thrifty
2990,Shopper,rule:shopper
2991,Commuter,rule:commuter_strict
2992,Shopper,soft:Shopper
2993,Thrifty,soft:Thrifty
2994,Thrifty,rule:thrifty
2995,Commuter,rule:commuter_strict
2996,Shopper,rule:shopper
2997,Commuter,rule:commuter_strict
2998,Thrifty,soft:Thrifty
2999,Thrifty,rule:thrifty
3000,Shopper,rule:shopper
